"COU","Country","IND","Indicator","SEX","Sex","AGE","Age Group","TIME","Time","Unit Code","Unit","PowerCode Code","PowerCode","Reference Period Code","Reference Period","Value","Flag Codes","Flags"
"AUS","Australia","EMP9_1","Gender wage gap at 1st decile (bottom)","ALL_PERSONS","All persons","TOTAL","Total","2000","2000",,,"0","Units",,,9.8,,
"AUS","Australia","EMP9_1","Gender wage gap at 1st decile (bottom)","ALL_PERSONS","All persons","TOTAL","Total","2005","2005",,,"0","Units",,,2,,
"AUS","Australia","EMP9_1","Gender wage gap at 1st decile (bottom)","ALL_PERSONS","All persons","TOTAL","Total","2010","2010",,,"0","Units",,,5.5,,
"AUS","Australia","EMP9_1","Gender wage gap at 1st decile (bottom)","ALL_PERSONS","All persons","TOTAL","Total","2015","2015",,,"0","Units",,,6.7,,
"AUS","Australia","EMP9_1","Gender wage gap at 1st decile (bottom)","ALL_PERSONS","All persons","TOTAL","Total","2016","2016",,,"0","Units",,,9.1,,
"AUS","Australia","EMP9_1","Gender wage gap at 1st decile (bottom)","ALL_PERSONS","All persons","TOTAL","Total","2017","2017",,,"0","Units",,,5.8,,
"AUS","Australia","EMP9_1","Gender wage gap at 1st decile (bottom)","ALL_PERSONS","All persons","TOTAL","Total","2018","2018",,,"0","Units",,,5,,
"AUS","Australia","EMP9_9","Gender wage gap at 9th decile (top)","ALL_PERSONS","All persons","TOTAL","Total","2000","2000",,,"0","Units",,,26.3,,
"AUS","Australia","EMP9_9","Gender wage gap at 9th decile (top)","ALL_PERSONS","All persons","TOTAL","Total","2005","2005",,,"0","Units",,,25.9,,
"AUS","Australia","EMP9_9","Gender wage gap at 9th decile (top)","ALL_PERSONS","All persons","TOTAL","Total","2010","2010",,,"0","Units",,,27.3,,
"AUS","Australia","EMP9_9","Gender wage gap at 9th decile (top)","ALL_PERSONS","All persons","TOTAL","Total","2015","2015",,,"0","Units",,,24.4,,
"AUS","Australia","EMP9_9","Gender wage gap at 9th decile (top)","ALL_PERSONS","All persons","TOTAL","Total","2016","2016",,,"0","Units",,,20,,
"AUS","Australia","EMP9_9","Gender wage gap at 9th decile (top)","ALL_PERSONS","All persons","TOTAL","Total","2017","2017",,,"0","Units",,,16.9,,
"AUS","Australia","EMP9_9","Gender wage gap at 9th decile (top)","ALL_PERSONS","All persons","TOTAL","Total","2018","2018",,,"0","Units",,,16.5,,
"AUT","Austria","EMP9_1","Gender wage gap at 1st decile (bottom)","ALL_PERSONS","All persons","TOTAL","Total","2005","2005",,,"0","Units",,,30.5,,
"AUT","Austria","EMP9_1","Gender wage gap at 1st decile (bottom)","ALL_PERSONS","All persons","TOTAL","Total","2010","2010",,,"0","Units",,,26.5,,
"AUT","Austria","EMP9_1","Gender wage gap at 1st decile (bottom)","ALL_PERSONS","All persons","TOTAL","Total","2015","2015",,,"0","Units",,,21.9,,
"AUT","Austria","EMP9_1","Gender wage gap at 1st decile (bottom)","ALL_PERSONS","All persons","TOTAL","Total","2016","2016",,,"0","Units",,,19,,
"AUT","Austria","EMP9_1","Gender wage gap at 1st decile (bottom)","ALL_PERSONS","All persons","TOTAL","Total","2017","2017",,,"0","Units",,,18.7,,
"AUT","Austria","EMP9_1","Gender wage gap at 1st decile (bottom)","ALL_PERSONS","All persons","TOTAL","Total","2018","2018",,,"0","Units",,,18.1,,
"AUT","Austria","EMP9_9","Gender wage gap at 9th decile (top)","ALL_PERSONS","All persons","TOTAL","Total","2005","2005",,,"0","Units",,,27.7,,
"AUT","Austria","EMP9_9","Gender wage gap at 9th decile (top)","ALL_PERSONS","All persons","TOTAL","Total","2010","2010",,,"0","Units",,,24.5,,
"AUT","Austria","EMP9_9","Gender wage gap at 9th decile (top)","ALL_PERSONS","All persons","TOTAL","Total","2015","2015",,,"0","Units",,,22.3,,
"AUT","Austria","EMP9_9","Gender wage gap at 9th decile (top)","ALL_PERSONS","All persons","TOTAL","Total","2016","2016",,,"0","Units",,,21,,
"AUT","Austria","EMP9_9","Gender wage gap at 9th decile (top)","ALL_PERSONS","All persons","TOTAL","Total","2017","2017",,,"0","Units",,,20.7,,
"AUT","Austria","EMP9_9","Gender wage gap at 9th decile (top)","ALL_PERSONS","All persons","TOTAL","Total","2018","2018",,,"0","Units",,,20.1,,
"BEL","Belgium","EMP9_1","Gender wage gap at 1st decile (bottom)","ALL_PERSONS","All persons","TOTAL","Total","2000","2000",,,"0","Units",,,16.7,,
"BEL","Belgium","EMP9_1","Gender wage gap at 1st decile (bottom)","ALL_PERSONS","All persons","TOTAL","Total","2005","2005",,,"0","Units",,,11.9,,
"BEL","Belgium","EMP9_1","Gender wage gap at 1st decile (bottom)","ALL_PERSONS","All persons","TOTAL","Total","2010","2010",,,"0","Units",,,8.1,,
"BEL","Belgium","EMP9_1","Gender wage gap at 1st decile (bottom)","ALL_PERSONS","All persons","TOTAL","Total","2015","2015",,,"0","Units",,,4.6,,
"BEL","Belgium","EMP9_1","Gender wage gap at 1st decile (bottom)","ALL_PERSONS","All persons","TOTAL","Total","2016","2016",,,"0","Units",,,4.3,,
"BEL","Belgium","EMP9_1","Gender wage gap at 1st decile (bottom)","ALL_PERSONS","All persons","TOTAL","Total","2017","2017",,,"0","Units",,,5.6,,
"BEL","Belgium","EMP9_9","Gender wage gap at 9th decile (top)","ALL_PERSONS","All persons","TOTAL","Total","2000","2000",,,"0","Units",,,20.4,,
"BEL","Belgium","EMP9_9","Gender wage gap at 9th decile (top)","ALL_PERSONS","All persons","TOTAL","Total","2005","2005",,,"0","Units",,,18,,
"BEL","Belgium","EMP9_9","Gender wage gap at 9th decile (top)","ALL_PERSONS","All persons","TOTAL","Total","2010","2010",,,"0","Units",,,12.5,,
"BEL","Belgium","EMP9_9","Gender wage gap at 9th decile (top)","ALL_PERSONS","All persons","TOTAL","Total","2015","2015",,,"0","Units",,,9.1,,
"BEL","Belgium","EMP9_9","Gender wage gap at 9th decile (top)","ALL_PERSONS","All persons","TOTAL","Total","2016","2016",,,"0","Units",,,10,,
"BEL","Belgium","EMP9_9","Gender wage gap at 9th decile (top)","ALL_PERSONS","All persons","TOTAL","Total","2017","2017",,,"0","Units",,,6.5,,
"CAN","Canada","EMP9_1","Gender wage gap at 1st decile (bottom)","ALL_PERSONS","All persons","TOTAL","Total","2000","2000",,,"0","Units",,,21.1,,
"CAN","Canada","EMP9_1","Gender wage gap at 1st decile (bottom)","ALL_PERSONS","All persons","TOTAL","Total","2005","2005",,,"0","Units",,,18.7,,
"CAN","Canada","EMP9_1","Gender wage gap at 1st decile (bottom)","ALL_PERSONS","All persons","TOTAL","Total","2010","2010",,,"0","Units",,,16.5,,
"CAN","Canada","EMP9_1","Gender wage gap at 1st decile (bottom)","ALL_PERSONS","All persons","TOTAL","Total","2015","2015",,,"0","Units",,,13.5,,
"CAN","Canada","EMP9_1","Gender wage gap at 1st decile (bottom)","ALL_PERSONS","All persons","TOTAL","Total","2016","2016",,,"0","Units",,,12.5,,
"CAN","Canada","EMP9_1","Gender wage gap at 1st decile (bottom)","ALL_PERSONS","All persons","TOTAL","Total","2017","2017",,,"0","Units",,,13.5,,
"CAN","Canada","EMP9_1","Gender wage gap at 1st decile (bottom)","ALL_PERSONS","All persons","TOTAL","Total","2018","2018",,,"0","Units",,,12.1,,
"CAN","Canada","EMP9_1","Gender wage gap at 1st decile (bottom)","ALL_PERSONS","All persons","TOTAL","Total","2019","2019",,,"0","Units",,,10,,
"CAN","Canada","EMP9_9","Gender wage gap at 9th decile (top)","ALL_PERSONS","All persons","TOTAL","Total","2000","2000",,,"0","Units",,,21.1,,
"CAN","Canada","EMP9_9","Gender wage gap at 9th decile (top)","ALL_PERSONS","All persons","TOTAL","Total","2005","2005",,,"0","Units",,,17.5,,
"CAN","Canada","EMP9_9","Gender wage gap at 9th decile (top)","ALL_PERSONS","All persons","TOTAL","Total","2010","2010",,,"0","Units",,,16.8,,
"CAN","Canada","EMP9_9","Gender wage gap at 9th decile (top)","ALL_PERSONS","All persons","TOTAL","Total","2015","2015",,,"0","Units",,,16.3,,
"CAN","Canada","EMP9_9","Gender wage gap at 9th decile (top)","ALL_PERSONS","All persons","TOTAL","Total","2016","2016",,,"0","Units",,,15,,
"CAN","Canada","EMP9_9","Gender wage gap at 9th decile (top)","ALL_PERSONS","All persons","TOTAL","Total","2017","2017",,,"0","Units",,,14.6,,
"CAN","Canada","EMP9_9","Gender wage gap at 9th decile (top)","ALL_PERSONS","All persons","TOTAL","Total","2018","2018",,,"0","Units",,,14.3,,
"CAN","Canada","EMP9_9","Gender wage gap at 9th decile (top)","ALL_PERSONS","All persons","TOTAL","Total","2019","2019",,,"0","Units",,,14.3,,
"CZE","Czech Republic","EMP9_1","Gender wage gap at 1st decile (bottom)","ALL_PERSONS","All persons","TOTAL","Total","2005","2005",,,"0","Units",,,11.9,,
"CZE","Czech Republic","EMP9_1","Gender wage gap at 1st decile (bottom)","ALL_PERSONS","All persons","TOTAL","Total","2010","2010",,,"0","Units",,,10.3,,
"CZE","Czech Republic","EMP9_1","Gender wage gap at 1st decile (bottom)","ALL_PERSONS","All persons","TOTAL","Total","2015","2015",,,"0","Units",,,7.1,,
"CZE","Czech Republic","EMP9_1","Gender wage gap at 1st decile (bottom)","ALL_PERSONS","All persons","TOTAL","Total","2016","2016",,,"0","Units",,,7.5,,
"CZE","Czech Republic","EMP9_1","Gender wage gap at 1st decile (bottom)","ALL_PERSONS","All persons","TOTAL","Total","2017","2017",,,"0","Units",,,6.5,,
"CZE","Czech Republic","EMP9_1","Gender wage gap at 1st decile (bottom)","ALL_PERSONS","All persons","TOTAL","Total","2018","2018",,,"0","Units",,,5.3,,
"CZE","Czech Republic","EMP9_1","Gender wage gap at 1st decile (bottom)","ALL_PERSONS","All persons","TOTAL","Total","2019","2019",,,"0","Units",,,4.6,,
"CZE","Czech Republic","EMP9_9","Gender wage gap at 9th decile (top)","ALL_PERSONS","All persons","TOTAL","Total","2005","2005",,,"0","Units",,,24.7,,
"CZE","Czech Republic","EMP9_9","Gender wage gap at 9th decile (top)","ALL_PERSONS","All persons","TOTAL","Total","2010","2010",,,"0","Units",,,24.5,,
"CZE","Czech Republic","EMP9_9","Gender wage gap at 9th decile (top)","ALL_PERSONS","All persons","TOTAL","Total","2015","2015",,,"0","Units",,,24.7,,
"CZE","Czech Republic","EMP9_9","Gender wage gap at 9th decile (top)","ALL_PERSONS","All persons","TOTAL","Total","2016","2016",,,"0","Units",,,23.8,,
"CZE","Czech Republic","EMP9_9","Gender wage gap at 9th decile (top)","ALL_PERSONS","All persons","TOTAL","Total","2017","2017",,,"0","Units",,,23.8,,
"CZE","Czech Republic","EMP9_9","Gender wage gap at 9th decile (top)","ALL_PERSONS","All persons","TOTAL","Total","2018","2018",,,"0","Units",,,23.2,,
"CZE","Czech Republic","EMP9_9","Gender wage gap at 9th decile (top)","ALL_PERSONS","All persons","TOTAL","Total","2019","2019",,,"0","Units",,,22.2,,
"DNK","Denmark","EMP9_1","Gender wage gap at 1st decile (bottom)","ALL_PERSONS","All persons","TOTAL","Total","2005","2005",,,"0","Units",,,10.3,,
"DNK","Denmark","EMP9_1","Gender wage gap at 1st decile (bottom)","ALL_PERSONS","All persons","TOTAL","Total","2010","2010",,,"0","Units",,,10.3,,
"DNK","Denmark","EMP9_1","Gender wage gap at 1st decile (bottom)","ALL_PERSONS","All persons","TOTAL","Total","2015","2015",,,"0","Units",,,8.3,,
"DNK","Denmark","EMP9_1","Gender wage gap at 1st decile (bottom)","ALL_PERSONS","All persons","TOTAL","Total","2016","2016",,,"0","Units",,,8.7,,
"DNK","Denmark","EMP9_1","Gender wage gap at 1st decile (bottom)","ALL_PERSONS","All persons","TOTAL","Total","2017","2017",,,"0","Units",,,8.7,,
"DNK","Denmark","EMP9_1","Gender wage gap at 1st decile (bottom)","ALL_PERSONS","All persons","TOTAL","Total","2018","2018",,,"0","Units",,,8,,
"DNK","Denmark","EMP9_9","Gender wage gap at 9th decile (top)","ALL_PERSONS","All persons","TOTAL","Total","2005","2005",,,"0","Units",,,20,,
"DNK","Denmark","EMP9_9","Gender wage gap at 9th decile (top)","ALL_PERSONS","All persons","TOTAL","Total","2010","2010",,,"0","Units",,,17.6,,
"DNK","Denmark","EMP9_9","Gender wage gap at 9th decile (top)","ALL_PERSONS","All persons","TOTAL","Total","2015","2015",,,"0","Units",,,14.2,,
"DNK","Denmark","EMP9_9","Gender wage gap at 9th decile (top)","ALL_PERSONS","All persons","TOTAL","Total","2016","2016",,,"0","Units",,,13.5,,
"DNK","Denmark","EMP9_9","Gender wage gap at 9th decile (top)","ALL_PERSONS","All persons","TOTAL","Total","2017","2017",,,"0","Units",,,12.8,,
"DNK","Denmark","EMP9_9","Gender wage gap at 9th decile (top)","ALL_PERSONS","All persons","TOTAL","Total","2018","2018",,,"0","Units",,,12.1,,
"FIN","Finland","EMP9_1","Gender wage gap at 1st decile (bottom)","ALL_PERSONS","All persons","TOTAL","Total","2000","2000",,,"0","Units",,,11.3,,
"FIN","Finland","EMP9_1","Gender wage gap at 1st decile (bottom)","ALL_PERSONS","All persons","TOTAL","Total","2005","2005",,,"0","Units",,,11.9,,
"FIN","Finland","EMP9_1","Gender wage gap at 1st decile (bottom)","ALL_PERSONS","All persons","TOTAL","Total","2010","2010",,,"0","Units",,,9.5,,
"FIN","Finland","EMP9_1","Gender wage gap at 1st decile (bottom)","ALL_PERSONS","All persons","TOTAL","Total","2015","2015",,,"0","Units",,,10.6,,
"FIN","Finland","EMP9_1","Gender wage gap at 1st decile (bottom)","ALL_PERSONS","All persons","TOTAL","Total","2016","2016",,,"0","Units",,,10.1,,
"FIN","Finland","EMP9_1","Gender wage gap at 1st decile (bottom)","ALL_PERSONS","All persons","TOTAL","Total","2017","2017",,,"0","Units",,,9.6,,
"FIN","Finland","EMP9_1","Gender wage gap at 1st decile (bottom)","ALL_PERSONS","All persons","TOTAL","Total","2018","2018",,,"0","Units",,,11.9,,
"FIN","Finland","EMP9_9","Gender wage gap at 9th decile (top)","ALL_PERSONS","All persons","TOTAL","Total","2000","2000",,,"0","Units",,,29.6,,
"FIN","Finland","EMP9_9","Gender wage gap at 9th decile (top)","ALL_PERSONS","All persons","TOTAL","Total","2005","2005",,,"0","Units",,,27.4,,
"FIN","Finland","EMP9_9","Gender wage gap at 9th decile (top)","ALL_PERSONS","All persons","TOTAL","Total","2010","2010",,,"0","Units",,,23.3,,
"FIN","Finland","EMP9_9","Gender wage gap at 9th decile (top)","ALL_PERSONS","All persons","TOTAL","Total","2015","2015",,,"0","Units",,,23.4,,
"FIN","Finland","EMP9_9","Gender wage gap at 9th decile (top)","ALL_PERSONS","All persons","TOTAL","Total","2016","2016",,,"0","Units",,,20.7,,
"FIN","Finland","EMP9_9","Gender wage gap at 9th decile (top)","ALL_PERSONS","All persons","TOTAL","Total","2017","2017",,,"0","Units",,,21.1,,
"FIN","Finland","EMP9_9","Gender wage gap at 9th decile (top)","ALL_PERSONS","All persons","TOTAL","Total","2018","2018",,,"0","Units",,,23.1,,
"FRA","France","EMP9_1","Gender wage gap at 1st decile (bottom)","ALL_PERSONS","All persons","TOTAL","Total","2010","2010",,,"0","Units",,,5.9,,
"FRA","France","EMP9_9","Gender wage gap at 9th decile (top)","ALL_PERSONS","All persons","TOTAL","Total","2010","2010",,,"0","Units",,,22.5,,
"DEU","Germany","EMP9_1","Gender wage gap at 1st decile (bottom)","ALL_PERSONS","All persons","TOTAL","Total","2000","2000",,,"0","Units",,,23.3,,
"DEU","Germany","EMP9_1","Gender wage gap at 1st decile (bottom)","ALL_PERSONS","All persons","TOTAL","Total","2005","2005",,,"0","Units",,,26,,
"DEU","Germany","EMP9_1","Gender wage gap at 1st decile (bottom)","ALL_PERSONS","All persons","TOTAL","Total","2010","2010",,,"0","Units",,,21.2,,
"DEU","Germany","EMP9_1","Gender wage gap at 1st decile (bottom)","ALL_PERSONS","All persons","TOTAL","Total","2015","2015",,,"0","Units",,,16.4,,
"DEU","Germany","EMP9_1","Gender wage gap at 1st decile (bottom)","ALL_PERSONS","All persons","TOTAL","Total","2016","2016",,,"0","Units",,,14.2,,
"DEU","Germany","EMP9_1","Gender wage gap at 1st decile (bottom)","ALL_PERSONS","All persons","TOTAL","Total","2017","2017",,,"0","Units",,,13.2,,
"DEU","Germany","EMP9_1","Gender wage gap at 1st decile (bottom)","ALL_PERSONS","All persons","TOTAL","Total","2018","2018",,,"0","Units",,,14.5,,
"DEU","Germany","EMP9_9","Gender wage gap at 9th decile (top)","ALL_PERSONS","All persons","TOTAL","Total","2000","2000",,,"0","Units",,,29.2,,
"DEU","Germany","EMP9_9","Gender wage gap at 9th decile (top)","ALL_PERSONS","All persons","TOTAL","Total","2005","2005",,,"0","Units",,,22.7,,
"DEU","Germany","EMP9_9","Gender wage gap at 9th decile (top)","ALL_PERSONS","All persons","TOTAL","Total","2010","2010",,,"0","Units",,,21.8,,
"DEU","Germany","EMP9_9","Gender wage gap at 9th decile (top)","ALL_PERSONS","All persons","TOTAL","Total","2015","2015",,,"0","Units",,,24,,
"DEU","Germany","EMP9_9","Gender wage gap at 9th decile (top)","ALL_PERSONS","All persons","TOTAL","Total","2016","2016",,,"0","Units",,,22.9,,
"DEU","Germany","EMP9_9","Gender wage gap at 9th decile (top)","ALL_PERSONS","All persons","TOTAL","Total","2017","2017",,,"0","Units",,,22.9,,
"DEU","Germany","EMP9_9","Gender wage gap at 9th decile (top)","ALL_PERSONS","All persons","TOTAL","Total","2018","2018",,,"0","Units",,,22.3,,
"GRC","Greece","EMP9_1","Gender wage gap at 1st decile (bottom)","ALL_PERSONS","All persons","TOTAL","Total","2010","2010",,,"0","Units",,,5.5,,
"GRC","Greece","EMP9_1","Gender wage gap at 1st decile (bottom)","ALL_PERSONS","All persons","TOTAL","Total","2018","2018",,,"0","Units",,,5.3,,
"GRC","Greece","EMP9_9","Gender wage gap at 9th decile (top)","ALL_PERSONS","All persons","TOTAL","Total","2010","2010",,,"0","Units",,,29.5,,
"GRC","Greece","EMP9_9","Gender wage gap at 9th decile (top)","ALL_PERSONS","All persons","TOTAL","Total","2018","2018",,,"0","Units",,,22.3,,
"HUN","Hungary","EMP9_1","Gender wage gap at 1st decile (bottom)","ALL_PERSONS","All persons","TOTAL","Total","2000","2000",,,"0","Units",,,1.2,,
"HUN","Hungary","EMP9_9","Gender wage gap at 9th decile (top)","ALL_PERSONS","All persons","TOTAL","Total","2000","2000",,,"0","Units",,,25.4,,
"HUN","Hungary","EMP9_9","Gender wage gap at 9th decile (top)","ALL_PERSONS","All persons","TOTAL","Total","2005","2005",,,"0","Units",,,19.2,,
"HUN","Hungary","EMP9_9","Gender wage gap at 9th decile (top)","ALL_PERSONS","All persons","TOTAL","Total","2010","2010",,,"0","Units",,,22.3,,
"HUN","Hungary","EMP9_9","Gender wage gap at 9th decile (top)","ALL_PERSONS","All persons","TOTAL","Total","2015","2015",,,"0","Units",,,24.6,,
"HUN","Hungary","EMP9_9","Gender wage gap at 9th decile (top)","ALL_PERSONS","All persons","TOTAL","Total","2016","2016",,,"0","Units",,,24.6,,
"ISL","Iceland","EMP9_1","Gender wage gap at 1st decile (bottom)","ALL_PERSONS","All persons","TOTAL","Total","2010","2010",,,"0","Units",,,16.8,,
"ISL","Iceland","EMP9_9","Gender wage gap at 9th decile (top)","ALL_PERSONS","All persons","TOTAL","Total","2010","2010",,,"0","Units",,,23.3,,
"IRL","Ireland","EMP9_1","Gender wage gap at 1st decile (bottom)","ALL_PERSONS","All persons","TOTAL","Total","2010","2010",,,"0","Units",,,14.4,,
"IRL","Ireland","EMP9_9","Gender wage gap at 9th decile (top)","ALL_PERSONS","All persons","TOTAL","Total","2010","2010",,,"0","Units",,,19.6,,
"ITA","Italy","EMP9_1","Gender wage gap at 1st decile (bottom)","ALL_PERSONS","All persons","TOTAL","Total","2000","2000",,,"0","Units",,,11.1,,
"ITA","Italy","EMP9_1","Gender wage gap at 1st decile (bottom)","ALL_PERSONS","All persons","TOTAL","Total","2010","2010",,,"0","Units",,,3.3,,
"ITA","Italy","EMP9_9","Gender wage gap at 9th decile (top)","ALL_PERSONS","All persons","TOTAL","Total","2000","2000",,,"0","Units",,,22.2,,
"ITA","Italy","EMP9_9","Gender wage gap at 9th decile (top)","ALL_PERSONS","All persons","TOTAL","Total","2010","2010",,,"0","Units",,,19.5,,
"JPN","Japan","EMP9_1","Gender wage gap at 1st decile (bottom)","ALL_PERSONS","All persons","TOTAL","Total","2000","2000",,,"0","Units",,,26.8,,
"JPN","Japan","EMP9_1","Gender wage gap at 1st decile (bottom)","ALL_PERSONS","All persons","TOTAL","Total","2005","2005",,,"0","Units",,,27.5,,
"JPN","Japan","EMP9_1","Gender wage gap at 1st decile (bottom)","ALL_PERSONS","All persons","TOTAL","Total","2010","2010",,,"0","Units",,,22.7,,
"JPN","Japan","EMP9_1","Gender wage gap at 1st decile (bottom)","ALL_PERSONS","All persons","TOTAL","Total","2015","2015",,,"0","Units",,,18.5,,
"JPN","Japan","EMP9_1","Gender wage gap at 1st decile (bottom)","ALL_PERSONS","All persons","TOTAL","Total","2016","2016",,,"0","Units",,,18.3,,
"JPN","Japan","EMP9_1","Gender wage gap at 1st decile (bottom)","ALL_PERSONS","All persons","TOTAL","Total","2017","2017",,,"0","Units",,,17.9,,
"JPN","Japan","EMP9_1","Gender wage gap at 1st decile (bottom)","ALL_PERSONS","All persons","TOTAL","Total","2018","2018",,,"0","Units",,,17.2,,
"JPN","Japan","EMP9_1","Gender wage gap at 1st decile (bottom)","ALL_PERSONS","All persons","TOTAL","Total","2019","2019",,,"0","Units",,,17,,
"JPN","Japan","EMP9_9","Gender wage gap at 9th decile (top)","ALL_PERSONS","All persons","TOTAL","Total","2000","2000",,,"0","Units",,,38.9,,
"JPN","Japan","EMP9_9","Gender wage gap at 9th decile (top)","ALL_PERSONS","All persons","TOTAL","Total","2005","2005",,,"0","Units",,,38.4,,
"JPN","Japan","EMP9_9","Gender wage gap at 9th decile (top)","ALL_PERSONS","All persons","TOTAL","Total","2010","2010",,,"0","Units",,,34.8,,
"JPN","Japan","EMP9_9","Gender wage gap at 9th decile (top)","ALL_PERSONS","All persons","TOTAL","Total","2015","2015",,,"0","Units",,,33.1,,
"JPN","Japan","EMP9_9","Gender wage gap at 9th decile (top)","ALL_PERSONS","All persons","TOTAL","Total","2016","2016",,,"0","Units",,,32.3,,
"JPN","Japan","EMP9_9","Gender wage gap at 9th decile (top)","ALL_PERSONS","All persons","TOTAL","Total","2017","2017",,,"0","Units",,,32,,
"JPN","Japan","EMP9_9","Gender wage gap at 9th decile (top)","ALL_PERSONS","All persons","TOTAL","Total","2018","2018",,,"0","Units",,,32.7,,
"JPN","Japan","EMP9_9","Gender wage gap at 9th decile (top)","ALL_PERSONS","All persons","TOTAL","Total","2019","2019",,,"0","Units",,,31.3,,
"KOR","Korea","EMP9_1","Gender wage gap at 1st decile (bottom)","ALL_PERSONS","All persons","TOTAL","Total","2000","2000",,,"0","Units",,,26.9,,
"KOR","Korea","EMP9_1","Gender wage gap at 1st decile (bottom)","ALL_PERSONS","All persons","TOTAL","Total","2005","2005",,,"0","Units",,,20.7,,
"KOR","Korea","EMP9_1","Gender wage gap at 1st decile (bottom)","ALL_PERSONS","All persons","TOTAL","Total","2010","2010",,,"0","Units",,,20.5,,
"KOR","Korea","EMP9_1","Gender wage gap at 1st decile (bottom)","ALL_PERSONS","All persons","TOTAL","Total","2015","2015",,,"0","Units",,,16.1,,
"KOR","Korea","EMP9_1","Gender wage gap at 1st decile (bottom)","ALL_PERSONS","All persons","TOTAL","Total","2016","2016",,,"0","Units",,,15.4,,
"KOR","Korea","EMP9_1","Gender wage gap at 1st decile (bottom)","ALL_PERSONS","All persons","TOTAL","Total","2017","2017",,,"0","Units",,,10.6,,
"KOR","Korea","EMP9_1","Gender wage gap at 1st decile (bottom)","ALL_PERSONS","All persons","TOTAL","Total","2018","2018",,,"0","Units",,,7.6,,
"KOR","Korea","EMP9_1","Gender wage gap at 1st decile (bottom)","ALL_PERSONS","All persons","TOTAL","Total","2019","2019",,,"0","Units",,,7.3,,
"KOR","Korea","EMP9_9","Gender wage gap at 9th decile (top)","ALL_PERSONS","All persons","TOTAL","Total","2000","2000",,,"0","Units",,,39.5,,
"KOR","Korea","EMP9_9","Gender wage gap at 9th decile (top)","ALL_PERSONS","All persons","TOTAL","Total","2005","2005",,,"0","Units",,,41.9,,
"KOR","Korea","EMP9_9","Gender wage gap at 9th decile (top)","ALL_PERSONS","All persons","TOTAL","Total","2010","2010",,,"0","Units",,,39.6,,
"KOR","Korea","EMP9_9","Gender wage gap at 9th decile (top)","ALL_PERSONS","All persons","TOTAL","Total","2015","2015",,,"0","Units",,,38.7,,
"KOR","Korea","EMP9_9","Gender wage gap at 9th decile (top)","ALL_PERSONS","All persons","TOTAL","Total","2016","2016",,,"0","Units",,,38.2,,
"KOR","Korea","EMP9_9","Gender wage gap at 9th decile (top)","ALL_PERSONS","All persons","TOTAL","Total","2017","2017",,,"0","Units",,,37.3,,
"KOR","Korea","EMP9_9","Gender wage gap at 9th decile (top)","ALL_PERSONS","All persons","TOTAL","Total","2018","2018",,,"0","Units",,,36.2,,
"KOR","Korea","EMP9_9","Gender wage gap at 9th decile (top)","ALL_PERSONS","All persons","TOTAL","Total","2019","2019",,,"0","Units",,,35.3,,
"LUX","Luxembourg","EMP9_1","Gender wage gap at 1st decile (bottom)","ALL_PERSONS","All persons","TOTAL","Total","2010","2010",,,"0","Units",,,11.7,,
"LUX","Luxembourg","EMP9_9","Gender wage gap at 9th decile (top)","ALL_PERSONS","All persons","TOTAL","Total","2010","2010",,,"0","Units",,,15.3,,
"MEX","Mexico","EMP9_1","Gender wage gap at 1st decile (bottom)","ALL_PERSONS","All persons","TOTAL","Total","2005","2005",,,"0","Units",,,12.5,,
"MEX","Mexico","EMP9_1","Gender wage gap at 1st decile (bottom)","ALL_PERSONS","All persons","TOTAL","Total","2010","2010",,,"0","Units",,,16.7,,
"MEX","Mexico","EMP9_1","Gender wage gap at 1st decile (bottom)","ALL_PERSONS","All persons","TOTAL","Total","2015","2015",,,"0","Units",,,14,,
"MEX","Mexico","EMP9_1","Gender wage gap at 1st decile (bottom)","ALL_PERSONS","All persons","TOTAL","Total","2016","2016",,,"0","Units",,,14.3,,
"MEX","Mexico","EMP9_1","Gender wage gap at 1st decile (bottom)","ALL_PERSONS","All persons","TOTAL","Total","2017","2017",,,"0","Units",,,13.2,,
"MEX","Mexico","EMP9_1","Gender wage gap at 1st decile (bottom)","ALL_PERSONS","All persons","TOTAL","Total","2018","2018",,,"0","Units",,,12.5,,
"MEX","Mexico","EMP9_1","Gender wage gap at 1st decile (bottom)","ALL_PERSONS","All persons","TOTAL","Total","2019","2019",,,"0","Units",,,11.1,,
"MEX","Mexico","EMP9_9","Gender wage gap at 9th decile (top)","ALL_PERSONS","All persons","TOTAL","Total","2005","2005",,,"0","Units",,,16.3,,
"MEX","Mexico","EMP9_9","Gender wage gap at 9th decile (top)","ALL_PERSONS","All persons","TOTAL","Total","2010","2010",,,"0","Units",,,11.1,,
"MEX","Mexico","EMP9_9","Gender wage gap at 9th decile (top)","ALL_PERSONS","All persons","TOTAL","Total","2015","2015",,,"0","Units",,,2,,
"MEX","Mexico","EMP9_9","Gender wage gap at 9th decile (top)","ALL_PERSONS","All persons","TOTAL","Total","2016","2016",,,"0","Units",,,7,,
"MEX","Mexico","EMP9_9","Gender wage gap at 9th decile (top)","ALL_PERSONS","All persons","TOTAL","Total","2017","2017",,,"0","Units",,,7,,
"MEX","Mexico","EMP9_9","Gender wage gap at 9th decile (top)","ALL_PERSONS","All persons","TOTAL","Total","2018","2018",,,"0","Units",,,13.2,,
"MEX","Mexico","EMP9_9","Gender wage gap at 9th decile (top)","ALL_PERSONS","All persons","TOTAL","Total","2019","2019",,,"0","Units",,,10.4,,
"NLD","Netherlands","EMP9_1","Gender wage gap at 1st decile (bottom)","ALL_PERSONS","All persons","TOTAL","Total","2010","2010",,,"0","Units",,,16,,
"NLD","Netherlands","EMP9_9","Gender wage gap at 9th decile (top)","ALL_PERSONS","All persons","TOTAL","Total","2010","2010",,,"0","Units",,,22.3,,
"NZL","New Zealand","EMP9_1","Gender wage gap at 1st decile (bottom)","ALL_PERSONS","All persons","TOTAL","Total","2000","2000",,,"0","Units",,,6.7,,
"NZL","New Zealand","EMP9_1","Gender wage gap at 1st decile (bottom)","ALL_PERSONS","All persons","TOTAL","Total","2005","2005",,,"0","Units",,,5.7,,
"NZL","New Zealand","EMP9_1","Gender wage gap at 1st decile (bottom)","ALL_PERSONS","All persons","TOTAL","Total","2010","2010",,,"0","Units",,,2.1,,
"NZL","New Zealand","EMP9_1","Gender wage gap at 1st decile (bottom)","ALL_PERSONS","All persons","TOTAL","Total","2015","2015",,,"0","Units",,,1.9,,
"NZL","New Zealand","EMP9_1","Gender wage gap at 1st decile (bottom)","ALL_PERSONS","All persons","TOTAL","Total","2016","2016",,,"0","Units",,,4.6,,
"NZL","New Zealand","EMP9_1","Gender wage gap at 1st decile (bottom)","ALL_PERSONS","All persons","TOTAL","Total","2017","2017",,,"0","Units",,,3.5,,
"NZL","New Zealand","EMP9_1","Gender wage gap at 1st decile (bottom)","ALL_PERSONS","All persons","TOTAL","Total","2018","2018",,,"0","Units",,,1.4,,
"NZL","New Zealand","EMP9_1","Gender wage gap at 1st decile (bottom)","ALL_PERSONS","All persons","TOTAL","Total","2019","2019",,,"0","Units",,,2.7,,
"NZL","New Zealand","EMP9_9","Gender wage gap at 9th decile (top)","ALL_PERSONS","All persons","TOTAL","Total","2000","2000",,,"0","Units",,,16.7,,
"NZL","New Zealand","EMP9_9","Gender wage gap at 9th decile (top)","ALL_PERSONS","All persons","TOTAL","Total","2005","2005",,,"0","Units",,,20.8,,
"NZL","New Zealand","EMP9_9","Gender wage gap at 9th decile (top)","ALL_PERSONS","All persons","TOTAL","Total","2010","2010",,,"0","Units",,,18.3,,
"NZL","New Zealand","EMP9_9","Gender wage gap at 9th decile (top)","ALL_PERSONS","All persons","TOTAL","Total","2015","2015",,,"0","Units",,,20.3,,
"NZL","New Zealand","EMP9_9","Gender wage gap at 9th decile (top)","ALL_PERSONS","All persons","TOTAL","Total","2016","2016",,,"0","Units",,,19.8,,
"NZL","New Zealand","EMP9_9","Gender wage gap at 9th decile (top)","ALL_PERSONS","All persons","TOTAL","Total","2017","2017",,,"0","Units",,,17,,
"NZL","New Zealand","EMP9_9","Gender wage gap at 9th decile (top)","ALL_PERSONS","All persons","TOTAL","Total","2018","2018",,,"0","Units",,,18.4,,
"NZL","New Zealand","EMP9_9","Gender wage gap at 9th decile (top)","ALL_PERSONS","All persons","TOTAL","Total","2019","2019",,,"0","Units",,,16.9,,
"NOR","Norway","EMP9_1","Gender wage gap at 1st decile (bottom)","ALL_PERSONS","All persons","TOTAL","Total","2000","2000",,,"0","Units",,,7.5,,
"NOR","Norway","EMP9_1","Gender wage gap at 1st decile (bottom)","ALL_PERSONS","All persons","TOTAL","Total","2005","2005",,,"0","Units",,,4.3,,
"NOR","Norway","EMP9_1","Gender wage gap at 1st decile (bottom)","ALL_PERSONS","All persons","TOTAL","Total","2010","2010",,,"0","Units",,,4,,
"NOR","Norway","EMP9_1","Gender wage gap at 1st decile (bottom)","ALL_PERSONS","All persons","TOTAL","Total","2015","2015",,,"0","Units",,,2.3,,
"NOR","Norway","EMP9_1","Gender wage gap at 1st decile (bottom)","ALL_PERSONS","All persons","TOTAL","Total","2016","2016",,,"0","Units",,,5.4,,
"NOR","Norway","EMP9_1","Gender wage gap at 1st decile (bottom)","ALL_PERSONS","All persons","TOTAL","Total","2017","2017",,,"0","Units",,,5.2,,
"NOR","Norway","EMP9_1","Gender wage gap at 1st decile (bottom)","ALL_PERSONS","All persons","TOTAL","Total","2018","2018",,,"0","Units",,,3.7,,
"NOR","Norway","EMP9_1","Gender wage gap at 1st decile (bottom)","ALL_PERSONS","All persons","TOTAL","Total","2019","2019",,,"0","Units",,,4.1,,
"NOR","Norway","EMP9_9","Gender wage gap at 9th decile (top)","ALL_PERSONS","All persons","TOTAL","Total","2000","2000",,,"0","Units",,,23.4,,
"NOR","Norway","EMP9_9","Gender wage gap at 9th decile (top)","ALL_PERSONS","All persons","TOTAL","Total","2005","2005",,,"0","Units",,,22,,
"NOR","Norway","EMP9_9","Gender wage gap at 9th decile (top)","ALL_PERSONS","All persons","TOTAL","Total","2010","2010",,,"0","Units",,,22.2,,
"NOR","Norway","EMP9_9","Gender wage gap at 9th decile (top)","ALL_PERSONS","All persons","TOTAL","Total","2015","2015",,,"0","Units",,,21.9,,
"NOR","Norway","EMP9_9","Gender wage gap at 9th decile (top)","ALL_PERSONS","All persons","TOTAL","Total","2016","2016",,,"0","Units",,,20.3,,
"NOR","Norway","EMP9_9","Gender wage gap at 9th decile (top)","ALL_PERSONS","All persons","TOTAL","Total","2017","2017",,,"0","Units",,,19.4,,
"NOR","Norway","EMP9_9","Gender wage gap at 9th decile (top)","ALL_PERSONS","All persons","TOTAL","Total","2018","2018",,,"0","Units",,,18.5,,
"NOR","Norway","EMP9_9","Gender wage gap at 9th decile (top)","ALL_PERSONS","All persons","TOTAL","Total","2019","2019",,,"0","Units",,,18.3,,
"POL","Poland","EMP9_9","Gender wage gap at 9th decile (top)","ALL_PERSONS","All persons","TOTAL","Total","2010","2010",,,"0","Units",,,20.5,,
"POL","Poland","EMP9_9","Gender wage gap at 9th decile (top)","ALL_PERSONS","All persons","TOTAL","Total","2016","2016",,,"0","Units",,,22,,
"POL","Poland","EMP9_9","Gender wage gap at 9th decile (top)","ALL_PERSONS","All persons","TOTAL","Total","2018","2018",,,"0","Units",,,23.3,,
"PRT","Portugal","EMP9_1","Gender wage gap at 1st decile (bottom)","ALL_PERSONS","All persons","TOTAL","Total","2010","2010",,,"0","Units",,,9.6,,
"PRT","Portugal","EMP9_1","Gender wage gap at 1st decile (bottom)","ALL_PERSONS","All persons","TOTAL","Total","2018","2018",,,"0","Units",,,1.7,,
"PRT","Portugal","EMP9_9","Gender wage gap at 9th decile (top)","ALL_PERSONS","All persons","TOTAL","Total","2010","2010",,,"0","Units",,,12.5,,
"PRT","Portugal","EMP9_9","Gender wage gap at 9th decile (top)","ALL_PERSONS","All persons","TOTAL","Total","2018","2018",,,"0","Units",,,13.1,,
"SVK","Slovak Republic","EMP9_1","Gender wage gap at 1st decile (bottom)","ALL_PERSONS","All persons","TOTAL","Total","2005","2005",,,"0","Units",,,17.4,,
"SVK","Slovak Republic","EMP9_1","Gender wage gap at 1st decile (bottom)","ALL_PERSONS","All persons","TOTAL","Total","2010","2010",,,"0","Units",,,5.5,,
"SVK","Slovak Republic","EMP9_1","Gender wage gap at 1st decile (bottom)","ALL_PERSONS","All persons","TOTAL","Total","2015","2015",,,"0","Units",,,3.8,,
"SVK","Slovak Republic","EMP9_1","Gender wage gap at 1st decile (bottom)","ALL_PERSONS","All persons","TOTAL","Total","2016","2016",,,"0","Units",,,5.1,,
"SVK","Slovak Republic","EMP9_1","Gender wage gap at 1st decile (bottom)","ALL_PERSONS","All persons","TOTAL","Total","2017","2017",,,"0","Units",,,5.5,,
"SVK","Slovak Republic","EMP9_1","Gender wage gap at 1st decile (bottom)","ALL_PERSONS","All persons","TOTAL","Total","2018","2018",,,"0","Units",,,5.8,,
"SVK","Slovak Republic","EMP9_1","Gender wage gap at 1st decile (bottom)","ALL_PERSONS","All persons","TOTAL","Total","2019","2019",,,"0","Units",,,2.5,,
"SVK","Slovak Republic","EMP9_9","Gender wage gap at 9th decile (top)","ALL_PERSONS","All persons","TOTAL","Total","2005","2005",,,"0","Units",,,27.6,,
"SVK","Slovak Republic","EMP9_9","Gender wage gap at 9th decile (top)","ALL_PERSONS","All persons","TOTAL","Total","2010","2010",,,"0","Units",,,24.3,,
"SVK","Slovak Republic","EMP9_9","Gender wage gap at 9th decile (top)","ALL_PERSONS","All persons","TOTAL","Total","2015","2015",,,"0","Units",,,22.7,,
"SVK","Slovak Republic","EMP9_9","Gender wage gap at 9th decile (top)","ALL_PERSONS","All persons","TOTAL","Total","2016","2016",,,"0","Units",,,22.9,,
"SVK","Slovak Republic","EMP9_9","Gender wage gap at 9th decile (top)","ALL_PERSONS","All persons","TOTAL","Total","2017","2017",,,"0","Units",,,23.1,,
"SVK","Slovak Republic","EMP9_9","Gender wage gap at 9th decile (top)","ALL_PERSONS","All persons","TOTAL","Total","2018","2018",,,"0","Units",,,23.6,,
"SVK","Slovak Republic","EMP9_9","Gender wage gap at 9th decile (top)","ALL_PERSONS","All persons","TOTAL","Total","2019","2019",,,"0","Units",,,22.5,,
"ESP","Spain","EMP9_1","Gender wage gap at 1st decile (bottom)","ALL_PERSONS","All persons","TOTAL","Total","2010","2010",,,"0","Units",,,12.2,,
"ESP","Spain","EMP9_9","Gender wage gap at 9th decile (top)","ALL_PERSONS","All persons","TOTAL","Total","2010","2010",,,"0","Units",,,13.2,,
"SWE","Sweden","EMP9_1","Gender wage gap at 1st decile (bottom)","ALL_PERSONS","All persons","TOTAL","Total","2000","2000",,,"0","Units",,,8,,
"SWE","Sweden","EMP9_1","Gender wage gap at 1st decile (bottom)","ALL_PERSONS","All persons","TOTAL","Total","2005","2005",,,"0","Units",,,5.7,,
"SWE","Sweden","EMP9_1","Gender wage gap at 1st decile (bottom)","ALL_PERSONS","All persons","TOTAL","Total","2010","2010",,,"0","Units",,,4.5,,
"SWE","Sweden","EMP9_1","Gender wage gap at 1st decile (bottom)","ALL_PERSONS","All persons","TOTAL","Total","2015","2015",,,"0","Units",,,4.1,,
"SWE","Sweden","EMP9_1","Gender wage gap at 1st decile (bottom)","ALL_PERSONS","All persons","TOTAL","Total","2016","2016",,,"0","Units",,,3.6,,
"SWE","Sweden","EMP9_1","Gender wage gap at 1st decile (bottom)","ALL_PERSONS","All persons","TOTAL","Total","2017","2017",,,"0","Units",,,4.3,,
"SWE","Sweden","EMP9_1","Gender wage gap at 1st decile (bottom)","ALL_PERSONS","All persons","TOTAL","Total","2018","2018",,,"0","Units",,,4.2,,
"SWE","Sweden","EMP9_1","Gender wage gap at 1st decile (bottom)","ALL_PERSONS","All persons","TOTAL","Total","2019","2019",,,"0","Units",,,3.8,,
"SWE","Sweden","EMP9_9","Gender wage gap at 9th decile (top)","ALL_PERSONS","All persons","TOTAL","Total","2000","2000",,,"0","Units",,,27.4,,
"SWE","Sweden","EMP9_9","Gender wage gap at 9th decile (top)","ALL_PERSONS","All persons","TOTAL","Total","2005","2005",,,"0","Units",,,25.3,,
"SWE","Sweden","EMP9_9","Gender wage gap at 9th decile (top)","ALL_PERSONS","All persons","TOTAL","Total","2010","2010",,,"0","Units",,,21.7,,
"SWE","Sweden","EMP9_9","Gender wage gap at 9th decile (top)","ALL_PERSONS","All persons","TOTAL","Total","2015","2015",,,"0","Units",,,18.9,,
"SWE","Sweden","EMP9_9","Gender wage gap at 9th decile (top)","ALL_PERSONS","All persons","TOTAL","Total","2016","2016",,,"0","Units",,,17.9,,
"SWE","Sweden","EMP9_9","Gender wage gap at 9th decile (top)","ALL_PERSONS","All persons","TOTAL","Total","2017","2017",,,"0","Units",,,16.7,,
"SWE","Sweden","EMP9_9","Gender wage gap at 9th decile (top)","ALL_PERSONS","All persons","TOTAL","Total","2018","2018",,,"0","Units",,,15.3,,
"SWE","Sweden","EMP9_9","Gender wage gap at 9th decile (top)","ALL_PERSONS","All persons","TOTAL","Total","2019","2019",,,"0","Units",,,14.8,,
"CHE","Switzerland","EMP9_1","Gender wage gap at 1st decile (bottom)","ALL_PERSONS","All persons","TOTAL","Total","2000","2000",,,"0","Units",,,23.2,,
"CHE","Switzerland","EMP9_1","Gender wage gap at 1st decile (bottom)","ALL_PERSONS","All persons","TOTAL","Total","2010","2010",,,"0","Units",,,19.3,,
"CHE","Switzerland","EMP9_1","Gender wage gap at 1st decile (bottom)","ALL_PERSONS","All persons","TOTAL","Total","2016","2016",,,"0","Units",,,14.9,,
"CHE","Switzerland","EMP9_1","Gender wage gap at 1st decile (bottom)","ALL_PERSONS","All persons","TOTAL","Total","2018","2018",,,"0","Units",,,14.3,,
"CHE","Switzerland","EMP9_9","Gender wage gap at 9th decile (top)","ALL_PERSONS","All persons","TOTAL","Total","2000","2000",,,"0","Units",,,28.5,,
"CHE","Switzerland","EMP9_9","Gender wage gap at 9th decile (top)","ALL_PERSONS","All persons","TOTAL","Total","2010","2010",,,"0","Units",,,24.9,,
"CHE","Switzerland","EMP9_9","Gender wage gap at 9th decile (top)","ALL_PERSONS","All persons","TOTAL","Total","2016","2016",,,"0","Units",,,20,,
"CHE","Switzerland","EMP9_9","Gender wage gap at 9th decile (top)","ALL_PERSONS","All persons","TOTAL","Total","2018","2018",,,"0","Units",,,20.2,,
"GBR","United Kingdom","EMP9_1","Gender wage gap at 1st decile (bottom)","ALL_PERSONS","All persons","TOTAL","Total","2000","2000",,,"0","Units",,,20,,
"GBR","United Kingdom","EMP9_1","Gender wage gap at 1st decile (bottom)","ALL_PERSONS","All persons","TOTAL","Total","2005","2005",,,"0","Units",,,15,,
"GBR","United Kingdom","EMP9_1","Gender wage gap at 1st decile (bottom)","ALL_PERSONS","All persons","TOTAL","Total","2010","2010",,,"0","Units",,,13.7,,
"GBR","United Kingdom","EMP9_1","Gender wage gap at 1st decile (bottom)","ALL_PERSONS","All persons","TOTAL","Total","2015","2015",,,"0","Units",,,12.6,,
"GBR","United Kingdom","EMP9_1","Gender wage gap at 1st decile (bottom)","ALL_PERSONS","All persons","TOTAL","Total","2016","2016",,,"0","Units",,,11.8,,
"GBR","United Kingdom","EMP9_1","Gender wage gap at 1st decile (bottom)","ALL_PERSONS","All persons","TOTAL","Total","2017","2017",,,"0","Units",,,11.4,,
"GBR","United Kingdom","EMP9_1","Gender wage gap at 1st decile (bottom)","ALL_PERSONS","All persons","TOTAL","Total","2018","2018",,,"0","Units",,,10.9,,
"GBR","United Kingdom","EMP9_1","Gender wage gap at 1st decile (bottom)","ALL_PERSONS","All persons","TOTAL","Total","2019","2019",,,"0","Units",,,10.2,,
"GBR","United Kingdom","EMP9_9","Gender wage gap at 9th decile (top)","ALL_PERSONS","All persons","TOTAL","Total","2000","2000",,,"0","Units",,,27.9,,
"GBR","United Kingdom","EMP9_9","Gender wage gap at 9th decile (top)","ALL_PERSONS","All persons","TOTAL","Total","2005","2005",,,"0","Units",,,25.9,,
"GBR","United Kingdom","EMP9_9","Gender wage gap at 9th decile (top)","ALL_PERSONS","All persons","TOTAL","Total","2010","2010",,,"0","Units",,,25.3,,
"GBR","United Kingdom","EMP9_9","Gender wage gap at 9th decile (top)","ALL_PERSONS","All persons","TOTAL","Total","2015","2015",,,"0","Units",,,23,,
"GBR","United Kingdom","EMP9_9","Gender wage gap at 9th decile (top)","ALL_PERSONS","All persons","TOTAL","Total","2016","2016",,,"0","Units",,,22.5,,
"GBR","United Kingdom","EMP9_9","Gender wage gap at 9th decile (top)","ALL_PERSONS","All persons","TOTAL","Total","2017","2017",,,"0","Units",,,22.3,,
"GBR","United Kingdom","EMP9_9","Gender wage gap at 9th decile (top)","ALL_PERSONS","All persons","TOTAL","Total","2018","2018",,,"0","Units",,,22.5,,
"GBR","United Kingdom","EMP9_9","Gender wage gap at 9th decile (top)","ALL_PERSONS","All persons","TOTAL","Total","2019","2019",,,"0","Units",,,21.6,,
"USA","United States","EMP9_1","Gender wage gap at 1st decile (bottom)","ALL_PERSONS","All persons","TOTAL","Total","2000","2000",,,"0","Units",,,13.7,,
"USA","United States","EMP9_1","Gender wage gap at 1st decile (bottom)","ALL_PERSONS","All persons","TOTAL","Total","2005","2005",,,"0","Units",,,11.8,,
"USA","United States","EMP9_1","Gender wage gap at 1st decile (bottom)","ALL_PERSONS","All persons","TOTAL","Total","2010","2010",,,"0","Units",,,10.9,,
"USA","United States","EMP9_1","Gender wage gap at 1st decile (bottom)","ALL_PERSONS","All persons","TOTAL","Total","2015","2015",,,"0","Units",,,9.7,,
"USA","United States","EMP9_1","Gender wage gap at 1st decile (bottom)","ALL_PERSONS","All persons","TOTAL","Total","2016","2016",,,"0","Units",,,8.7,,
"USA","United States","EMP9_1","Gender wage gap at 1st decile (bottom)","ALL_PERSONS","All persons","TOTAL","Total","2017","2017",,,"0","Units",,,9.9,,
"USA","United States","EMP9_1","Gender wage gap at 1st decile (bottom)","ALL_PERSONS","All persons","TOTAL","Total","2018","2018",,,"0","Units",,,13.1,,
"USA","United States","EMP9_1","Gender wage gap at 1st decile (bottom)","ALL_PERSONS","All persons","TOTAL","Total","2019","2019",,,"0","Units",,,14.7,,
"USA","United States","EMP9_9","Gender wage gap at 9th decile (top)","ALL_PERSONS","All persons","TOTAL","Total","2000","2000",,,"0","Units",,,29,,
"USA","United States","EMP9_9","Gender wage gap at 9th decile (top)","ALL_PERSONS","All persons","TOTAL","Total","2005","2005",,,"0","Units",,,26,,
"USA","United States","EMP9_9","Gender wage gap at 9th decile (top)","ALL_PERSONS","All persons","TOTAL","Total","2010","2010",,,"0","Units",,,22.9,,
"USA","United States","EMP9_9","Gender wage gap at 9th decile (top)","ALL_PERSONS","All persons","TOTAL","Total","2015","2015",,,"0","Units",,,22.4,,
"USA","United States","EMP9_9","Gender wage gap at 9th decile (top)","ALL_PERSONS","All persons","TOTAL","Total","2016","2016",,,"0","Units",,,23.5,,
"USA","United States","EMP9_9","Gender wage gap at 9th decile (top)","ALL_PERSONS","All persons","TOTAL","Total","2017","2017",,,"0","Units",,,22.2,,
"USA","United States","EMP9_9","Gender wage gap at 9th decile (top)","ALL_PERSONS","All persons","TOTAL","Total","2018","2018",,,"0","Units",,,21.6,,
"USA","United States","EMP9_9","Gender wage gap at 9th decile (top)","ALL_PERSONS","All persons","TOTAL","Total","2019","2019",,,"0","Units",,,23.6,,
"CHL","Chile","EMP9_1","Gender wage gap at 1st decile (bottom)","ALL_PERSONS","All persons","TOTAL","Total","2000","2000",,,"0","Units",,,12.9,,
"CHL","Chile","EMP9_1","Gender wage gap at 1st decile (bottom)","ALL_PERSONS","All persons","TOTAL","Total","2015","2015",,,"0","Units",,,16.7,,
"CHL","Chile","EMP9_1","Gender wage gap at 1st decile (bottom)","ALL_PERSONS","All persons","TOTAL","Total","2017","2017",,,"0","Units",,,10.1,,
"CHL","Chile","EMP9_9","Gender wage gap at 9th decile (top)","ALL_PERSONS","All persons","TOTAL","Total","2000","2000",,,"0","Units",,,9.8,,
"CHL","Chile","EMP9_9","Gender wage gap at 9th decile (top)","ALL_PERSONS","All persons","TOTAL","Total","2015","2015",,,"0","Units",,,15,,
"CHL","Chile","EMP9_9","Gender wage gap at 9th decile (top)","ALL_PERSONS","All persons","TOTAL","Total","2017","2017",,,"0","Units",,,9.1,,
"COL","Colombia","EMP9_1","Gender wage gap at 1st decile (bottom)","ALL_PERSONS","All persons","TOTAL","Total","2010","2010",,,"0","Units",,,33.3,,
"COL","Colombia","EMP9_1","Gender wage gap at 1st decile (bottom)","ALL_PERSONS","All persons","TOTAL","Total","2015","2015",,,"0","Units",,,31.3,,
"COL","Colombia","EMP9_1","Gender wage gap at 1st decile (bottom)","ALL_PERSONS","All persons","TOTAL","Total","2016","2016",,,"0","Units",,,23.1,,
"COL","Colombia","EMP9_1","Gender wage gap at 1st decile (bottom)","ALL_PERSONS","All persons","TOTAL","Total","2017","2017",,,"0","Units",,,33.3,,
"COL","Colombia","EMP9_1","Gender wage gap at 1st decile (bottom)","ALL_PERSONS","All persons","TOTAL","Total","2018","2018",,,"0","Units",,,29.2,,
"COL","Colombia","EMP9_1","Gender wage gap at 1st decile (bottom)","ALL_PERSONS","All persons","TOTAL","Total","2019","2019",,,"0","Units",,,25,,
"CRI","Costa Rica","EMP9_1","Gender wage gap at 1st decile (bottom)","ALL_PERSONS","All persons","TOTAL","Total","2010","2010",,,"0","Units",,,22.6,,
"CRI","Costa Rica","EMP9_1","Gender wage gap at 1st decile (bottom)","ALL_PERSONS","All persons","TOTAL","Total","2015","2015",,,"0","Units",,,26.1,,
"CRI","Costa Rica","EMP9_1","Gender wage gap at 1st decile (bottom)","ALL_PERSONS","All persons","TOTAL","Total","2016","2016",,,"0","Units",,,27.8,,
"CRI","Costa Rica","EMP9_1","Gender wage gap at 1st decile (bottom)","ALL_PERSONS","All persons","TOTAL","Total","2017","2017",,,"0","Units",,,27.2,,
"CRI","Costa Rica","EMP9_1","Gender wage gap at 1st decile (bottom)","ALL_PERSONS","All persons","TOTAL","Total","2018","2018",,,"0","Units",,,30.5,,
"CRI","Costa Rica","EMP9_1","Gender wage gap at 1st decile (bottom)","ALL_PERSONS","All persons","TOTAL","Total","2019","2019",,,"0","Units",,,23.4,,
"EST","Estonia","EMP9_1","Gender wage gap at 1st decile (bottom)","ALL_PERSONS","All persons","TOTAL","Total","2010","2010",,,"0","Units",,,5.2,,
"EST","Estonia","EMP9_9","Gender wage gap at 9th decile (top)","ALL_PERSONS","All persons","TOTAL","Total","2010","2010",,,"0","Units",,,25.2,,
"ISR","Israel","EMP9_1","Gender wage gap at 1st decile (bottom)","ALL_PERSONS","All persons","TOTAL","Total","2005","2005",,,"0","Units",,,17.2,,
"ISR","Israel","EMP9_1","Gender wage gap at 1st decile (bottom)","ALL_PERSONS","All persons","TOTAL","Total","2010","2010",,,"0","Units",,,15.3,,
"ISR","Israel","EMP9_1","Gender wage gap at 1st decile (bottom)","ALL_PERSONS","All persons","TOTAL","Total","2015","2015",,,"0","Units",,,16.2,,
"ISR","Israel","EMP9_1","Gender wage gap at 1st decile (bottom)","ALL_PERSONS","All persons","TOTAL","Total","2016","2016",,,"0","Units",,,13.4,,
"ISR","Israel","EMP9_1","Gender wage gap at 1st decile (bottom)","ALL_PERSONS","All persons","TOTAL","Total","2017","2017",,,"0","Units",,,16.5,,
"ISR","Israel","EMP9_1","Gender wage gap at 1st decile (bottom)","ALL_PERSONS","All persons","TOTAL","Total","2018","2018",,,"0","Units",,,19.4,,
"ISR","Israel","EMP9_9","Gender wage gap at 9th decile (top)","ALL_PERSONS","All persons","TOTAL","Total","2005","2005",,,"0","Units",,,27.2,,
"ISR","Israel","EMP9_9","Gender wage gap at 9th decile (top)","ALL_PERSONS","All persons","TOTAL","Total","2010","2010",,,"0","Units",,,28.2,,
"ISR","Israel","EMP9_9","Gender wage gap at 9th decile (top)","ALL_PERSONS","All persons","TOTAL","Total","2015","2015",,,"0","Units",,,28.5,,
"ISR","Israel","EMP9_9","Gender wage gap at 9th decile (top)","ALL_PERSONS","All persons","TOTAL","Total","2016","2016",,,"0","Units",,,29.9,,
"ISR","Israel","EMP9_9","Gender wage gap at 9th decile (top)","ALL_PERSONS","All persons","TOTAL","Total","2017","2017",,,"0","Units",,,30.9,,
"ISR","Israel","EMP9_9","Gender wage gap at 9th decile (top)","ALL_PERSONS","All persons","TOTAL","Total","2018","2018",,,"0","Units",,,29.8,,
"LVA","Latvia","EMP9_9","Gender wage gap at 9th decile (top)","ALL_PERSONS","All persons","TOTAL","Total","2010","2010",,,"0","Units",,,22.8,,
"LTU","Lithuania","EMP9_1","Gender wage gap at 1st decile (bottom)","ALL_PERSONS","All persons","TOTAL","Total","2010","2010",,,"0","Units",,,1.3,,
"LTU","Lithuania","EMP9_9","Gender wage gap at 9th decile (top)","ALL_PERSONS","All persons","TOTAL","Total","2010","2010",,,"0","Units",,,22.1,,
"SVN","Slovenia","EMP9_1","Gender wage gap at 1st decile (bottom)","ALL_PERSONS","All persons","TOTAL","Total","2010","2010",,,"0","Units",,,0.3,,
"SVN","Slovenia","EMP9_9","Gender wage gap at 9th decile (top)","ALL_PERSONS","All persons","TOTAL","Total","2010","2010",,,"0","Units",,,4.3,,
"OAVG","OECD - Average","EMP9_1","Gender wage gap at 1st decile (bottom)","ALL_PERSONS","All persons","TOTAL","Total","2000","2000",,,"0","Units",,,13.3,,
"OAVG","OECD - Average","EMP9_1","Gender wage gap at 1st decile (bottom)","ALL_PERSONS","All persons","TOTAL","Total","2005","2005",,,"0","Units",,,12.1,,
"OAVG","OECD - Average","EMP9_1","Gender wage gap at 1st decile (bottom)","ALL_PERSONS","All persons","TOTAL","Total","2010","2010",,,"0","Units",,,10.8,,
"OAVG","OECD - Average","EMP9_1","Gender wage gap at 1st decile (bottom)","ALL_PERSONS","All persons","TOTAL","Total","2015","2015",,,"0","Units",,,10.1,,
"OAVG","OECD - Average","EMP9_1","Gender wage gap at 1st decile (bottom)","ALL_PERSONS","All persons","TOTAL","Total","2016","2016",,,"0","Units",,,9.6,,
"OAVG","OECD - Average","EMP9_1","Gender wage gap at 1st decile (bottom)","ALL_PERSONS","All persons","TOTAL","Total","2017","2017",,,"0","Units",,,9.6,,
"OAVG","OECD - Average","EMP9_1","Gender wage gap at 1st decile (bottom)","ALL_PERSONS","All persons","TOTAL","Total","2018","2018",,,"0","Units",,,9.3,,
"OAVG","OECD - Average","EMP9_9","Gender wage gap at 9th decile (top)","ALL_PERSONS","All persons","TOTAL","Total","2000","2000",,,"0","Units",,,23.7,,
"OAVG","OECD - Average","EMP9_9","Gender wage gap at 9th decile (top)","ALL_PERSONS","All persons","TOTAL","Total","2005","2005",,,"0","Units",,,22.2,,
"OAVG","OECD - Average","EMP9_9","Gender wage gap at 9th decile (top)","ALL_PERSONS","All persons","TOTAL","Total","2010","2010",,,"0","Units",,,18.8,,
"OAVG","OECD - Average","EMP9_9","Gender wage gap at 9th decile (top)","ALL_PERSONS","All persons","TOTAL","Total","2015","2015",,,"0","Units",,,18.6,,
"OAVG","OECD - Average","EMP9_9","Gender wage gap at 9th decile (top)","ALL_PERSONS","All persons","TOTAL","Total","2016","2016",,,"0","Units",,,18.2,,
"OAVG","OECD - Average","EMP9_9","Gender wage gap at 9th decile (top)","ALL_PERSONS","All persons","TOTAL","Total","2017","2017",,,"0","Units",,,17.5,,
"OAVG","OECD - Average","EMP9_9","Gender wage gap at 9th decile (top)","ALL_PERSONS","All persons","TOTAL","Total","2018","2018",,,"0","Units",,,17.4,,
"AUS","Australia","EMP9_5","Gender wage gap at median","ALL_PERSONS","All persons","TOTAL","Total","2000","2000",,,"0","Units",,,17.2,,
"AUS","Australia","EMP9_5","Gender wage gap at median","ALL_PERSONS","All persons","TOTAL","Total","2005","2005",,,"0","Units",,,15.8,,
"AUS","Australia","EMP9_5","Gender wage gap at median","ALL_PERSONS","All persons","TOTAL","Total","2010","2010",,,"0","Units",,,14,,
"AUS","Australia","EMP9_5","Gender wage gap at median","ALL_PERSONS","All persons","TOTAL","Total","2015","2015",,,"0","Units",,,15.4,,
"AUS","Australia","EMP9_5","Gender wage gap at median","ALL_PERSONS","All persons","TOTAL","Total","2016","2016",,,"0","Units",,,13.7,,
"AUS","Australia","EMP9_5","Gender wage gap at median","ALL_PERSONS","All persons","TOTAL","Total","2017","2017",,,"0","Units",,,14.5,,
"AUS","Australia","EMP9_5","Gender wage gap at median","ALL_PERSONS","All persons","TOTAL","Total","2018","2018",,,"0","Units",,,16.1,,
"AUT","Austria","EMP9_5","Gender wage gap at median","ALL_PERSONS","All persons","TOTAL","Total","2000","2000",,,"0","Units",,,23.1,,
"AUT","Austria","EMP9_5","Gender wage gap at median","ALL_PERSONS","All persons","TOTAL","Total","2005","2005",,,"0","Units",,,22,,
"AUT","Austria","EMP9_5","Gender wage gap at median","ALL_PERSONS","All persons","TOTAL","Total","2010","2010",,,"0","Units",,,19.2,,
"AUT","Austria","EMP9_5","Gender wage gap at median","ALL_PERSONS","All persons","TOTAL","Total","2015","2015",,,"0","Units",,,17,,
"AUT","Austria","EMP9_5","Gender wage gap at median","ALL_PERSONS","All persons","TOTAL","Total","2016","2016",,,"0","Units",,,15.7,,
"AUT","Austria","EMP9_5","Gender wage gap at median","ALL_PERSONS","All persons","TOTAL","Total","2017","2017",,,"0","Units",,,15.4,,
"AUT","Austria","EMP9_5","Gender wage gap at median","ALL_PERSONS","All persons","TOTAL","Total","2018","2018",,,"0","Units",,,14.9,,
"BEL","Belgium","EMP9_5","Gender wage gap at median","ALL_PERSONS","All persons","TOTAL","Total","2000","2000",,,"0","Units",,,13.6,,
"BEL","Belgium","EMP9_5","Gender wage gap at median","ALL_PERSONS","All persons","TOTAL","Total","2005","2005",,,"0","Units",,,11.5,,
"BEL","Belgium","EMP9_5","Gender wage gap at median","ALL_PERSONS","All persons","TOTAL","Total","2010","2010",,,"0","Units",,,7,,
"BEL","Belgium","EMP9_5","Gender wage gap at median","ALL_PERSONS","All persons","TOTAL","Total","2015","2015",,,"0","Units",,,4.7,,
"BEL","Belgium","EMP9_5","Gender wage gap at median","ALL_PERSONS","All persons","TOTAL","Total","2016","2016",,,"0","Units",,,3.7,,
"BEL","Belgium","EMP9_5","Gender wage gap at median","ALL_PERSONS","All persons","TOTAL","Total","2017","2017",,,"0","Units",,,4.2,,
"CAN","Canada","EMP9_5","Gender wage gap at median","ALL_PERSONS","All persons","TOTAL","Total","2000","2000",,,"0","Units",,,23.9,,
"CAN","Canada","EMP9_5","Gender wage gap at median","ALL_PERSONS","All persons","TOTAL","Total","2005","2005",,,"0","Units",,,21.3,,
"CAN","Canada","EMP9_5","Gender wage gap at median","ALL_PERSONS","All persons","TOTAL","Total","2010","2010",,,"0","Units",,,19,,
"CAN","Canada","EMP9_5","Gender wage gap at median","ALL_PERSONS","All persons","TOTAL","Total","2015","2015",,,"0","Units",,,18.6,,
"CAN","Canada","EMP9_5","Gender wage gap at median","ALL_PERSONS","All persons","TOTAL","Total","2016","2016",,,"0","Units",,,18.2,,
"CAN","Canada","EMP9_5","Gender wage gap at median","ALL_PERSONS","All persons","TOTAL","Total","2017","2017",,,"0","Units",,,18.2,,
"CAN","Canada","EMP9_5","Gender wage gap at median","ALL_PERSONS","All persons","TOTAL","Total","2018","2018",,,"0","Units",,,18.5,,
"CAN","Canada","EMP9_5","Gender wage gap at median","ALL_PERSONS","All persons","TOTAL","Total","2019","2019",,,"0","Units",,,17.6,,
"CZE","Czech Republic","EMP9_5","Gender wage gap at median","ALL_PERSONS","All persons","TOTAL","Total","2005","2005",,,"0","Units",,,15.9,,
"CZE","Czech Republic","EMP9_5","Gender wage gap at median","ALL_PERSONS","All persons","TOTAL","Total","2010","2010",,,"0","Units",,,15.8,,
"CZE","Czech Republic","EMP9_5","Gender wage gap at median","ALL_PERSONS","All persons","TOTAL","Total","2015","2015",,,"0","Units",,,16.5,,
"CZE","Czech Republic","EMP9_5","Gender wage gap at median","ALL_PERSONS","All persons","TOTAL","Total","2016","2016",,,"0","Units",,,16,,
"CZE","Czech Republic","EMP9_5","Gender wage gap at median","ALL_PERSONS","All persons","TOTAL","Total","2017","2017",,,"0","Units",,,15.6,,
"CZE","Czech Republic","EMP9_5","Gender wage gap at median","ALL_PERSONS","All persons","TOTAL","Total","2018","2018",,,"0","Units",,,15.1,,
"CZE","Czech Republic","EMP9_5","Gender wage gap at median","ALL_PERSONS","All persons","TOTAL","Total","2019","2019",,,"0","Units",,,14.7,,
"DNK","Denmark","EMP9_5","Gender wage gap at median","ALL_PERSONS","All persons","TOTAL","Total","2005","2005",,,"0","Units",,,10.2,,
"DNK","Denmark","EMP9_5","Gender wage gap at median","ALL_PERSONS","All persons","TOTAL","Total","2010","2010",,,"0","Units",,,8.9,,
"DNK","Denmark","EMP9_5","Gender wage gap at median","ALL_PERSONS","All persons","TOTAL","Total","2015","2015",,,"0","Units",,,5.8,,
"DNK","Denmark","EMP9_5","Gender wage gap at median","ALL_PERSONS","All persons","TOTAL","Total","2016","2016",,,"0","Units",,,5.7,,
"DNK","Denmark","EMP9_5","Gender wage gap at median","ALL_PERSONS","All persons","TOTAL","Total","2017","2017",,,"0","Units",,,5.3,,
"DNK","Denmark","EMP9_5","Gender wage gap at median","ALL_PERSONS","All persons","TOTAL","Total","2018","2018",,,"0","Units",,,4.9,,
"FIN","Finland","EMP9_5","Gender wage gap at median","ALL_PERSONS","All persons","TOTAL","Total","2000","2000",,,"0","Units",,,20.4,,
"FIN","Finland","EMP9_5","Gender wage gap at median","ALL_PERSONS","All persons","TOTAL","Total","2005","2005",,,"0","Units",,,18.9,,
"FIN","Finland","EMP9_5","Gender wage gap at median","ALL_PERSONS","All persons","TOTAL","Total","2010","2010",,,"0","Units",,,18.9,,
"FIN","Finland","EMP9_5","Gender wage gap at median","ALL_PERSONS","All persons","TOTAL","Total","2015","2015",,,"0","Units",,,18.1,,
"FIN","Finland","EMP9_5","Gender wage gap at median","ALL_PERSONS","All persons","TOTAL","Total","2016","2016",,,"0","Units",,,16.5,,
"FIN","Finland","EMP9_5","Gender wage gap at median","ALL_PERSONS","All persons","TOTAL","Total","2017","2017",,,"0","Units",,,17.7,,
"FIN","Finland","EMP9_5","Gender wage gap at median","ALL_PERSONS","All persons","TOTAL","Total","2018","2018",,,"0","Units",,,18.9,,
"FRA","France","EMP9_5","Gender wage gap at median","ALL_PERSONS","All persons","TOTAL","Total","2010","2010",,,"0","Units",,,9.1,,
"DEU","Germany","EMP9_5","Gender wage gap at median","ALL_PERSONS","All persons","TOTAL","Total","2000","2000",,,"0","Units",,,19.6,,
"DEU","Germany","EMP9_5","Gender wage gap at median","ALL_PERSONS","All persons","TOTAL","Total","2005","2005",,,"0","Units",,,16.3,,
"DEU","Germany","EMP9_5","Gender wage gap at median","ALL_PERSONS","All persons","TOTAL","Total","2010","2010",,,"0","Units",,,16.7,,
"DEU","Germany","EMP9_5","Gender wage gap at median","ALL_PERSONS","All persons","TOTAL","Total","2015","2015",,,"0","Units",,,15.8,,
"DEU","Germany","EMP9_5","Gender wage gap at median","ALL_PERSONS","All persons","TOTAL","Total","2016","2016",,,"0","Units",,,15.5,,
"DEU","Germany","EMP9_5","Gender wage gap at median","ALL_PERSONS","All persons","TOTAL","Total","2017","2017",,,"0","Units",,,16.2,,
"DEU","Germany","EMP9_5","Gender wage gap at median","ALL_PERSONS","All persons","TOTAL","Total","2018","2018",,,"0","Units",,,15.3,,
"GRC","Greece","EMP9_5","Gender wage gap at median","ALL_PERSONS","All persons","TOTAL","Total","2010","2010",,,"0","Units",,,9.9,,
"GRC","Greece","EMP9_5","Gender wage gap at median","ALL_PERSONS","All persons","TOTAL","Total","2018","2018",,,"0","Units",,,5.9,,
"HUN","Hungary","EMP9_5","Gender wage gap at median","ALL_PERSONS","All persons","TOTAL","Total","2000","2000",,,"0","Units",,,14.1,,
"HUN","Hungary","EMP9_5","Gender wage gap at median","ALL_PERSONS","All persons","TOTAL","Total","2005","2005",,,"0","Units",,,4,,
"HUN","Hungary","EMP9_5","Gender wage gap at median","ALL_PERSONS","All persons","TOTAL","Total","2010","2010",,,"0","Units",,,6.4,,
"HUN","Hungary","EMP9_5","Gender wage gap at median","ALL_PERSONS","All persons","TOTAL","Total","2015","2015",,,"0","Units",,,9.5,,
"HUN","Hungary","EMP9_5","Gender wage gap at median","ALL_PERSONS","All persons","TOTAL","Total","2016","2016",,,"0","Units",,,9.4,,
"ISL","Iceland","EMP9_5","Gender wage gap at median","ALL_PERSONS","All persons","TOTAL","Total","2010","2010",,,"0","Units",,,16.5,,
"IRL","Ireland","EMP9_5","Gender wage gap at median","ALL_PERSONS","All persons","TOTAL","Total","2010","2010",,,"0","Units",,,14.3,,
"ITA","Italy","EMP9_5","Gender wage gap at median","ALL_PERSONS","All persons","TOTAL","Total","2000","2000",,,"0","Units",,,8.5,,
"ITA","Italy","EMP9_5","Gender wage gap at median","ALL_PERSONS","All persons","TOTAL","Total","2010","2010",,,"0","Units",,,5.6,,
"JPN","Japan","EMP9_5","Gender wage gap at median","ALL_PERSONS","All persons","TOTAL","Total","2000","2000",,,"0","Units",,,33.9,,
"JPN","Japan","EMP9_5","Gender wage gap at median","ALL_PERSONS","All persons","TOTAL","Total","2005","2005",,,"0","Units",,,32.8,,
"JPN","Japan","EMP9_5","Gender wage gap at median","ALL_PERSONS","All persons","TOTAL","Total","2010","2010",,,"0","Units",,,28.7,,
"JPN","Japan","EMP9_5","Gender wage gap at median","ALL_PERSONS","All persons","TOTAL","Total","2015","2015",,,"0","Units",,,25.7,,
"JPN","Japan","EMP9_5","Gender wage gap at median","ALL_PERSONS","All persons","TOTAL","Total","2016","2016",,,"0","Units",,,24.6,,
"JPN","Japan","EMP9_5","Gender wage gap at median","ALL_PERSONS","All persons","TOTAL","Total","2017","2017",,,"0","Units",,,24.5,,
"JPN","Japan","EMP9_5","Gender wage gap at median","ALL_PERSONS","All persons","TOTAL","Total","2018","2018",,,"0","Units",,,23.5,,
"JPN","Japan","EMP9_5","Gender wage gap at median","ALL_PERSONS","All persons","TOTAL","Total","2019","2019",,,"0","Units",,,23.5,,
"KOR","Korea","EMP9_5","Gender wage gap at median","ALL_PERSONS","All persons","TOTAL","Total","2000","2000",,,"0","Units",,,41.7,,
"KOR","Korea","EMP9_5","Gender wage gap at median","ALL_PERSONS","All persons","TOTAL","Total","2005","2005",,,"0","Units",,,39.6,,
"KOR","Korea","EMP9_5","Gender wage gap at median","ALL_PERSONS","All persons","TOTAL","Total","2010","2010",,,"0","Units",,,39.6,,
"KOR","Korea","EMP9_5","Gender wage gap at median","ALL_PERSONS","All persons","TOTAL","Total","2015","2015",,,"0","Units",,,37.2,,
"KOR","Korea","EMP9_5","Gender wage gap at median","ALL_PERSONS","All persons","TOTAL","Total","2016","2016",,,"0","Units",,,36.7,,
"KOR","Korea","EMP9_5","Gender wage gap at median","ALL_PERSONS","All persons","TOTAL","Total","2017","2017",,,"0","Units",,,34.6,,
"KOR","Korea","EMP9_5","Gender wage gap at median","ALL_PERSONS","All persons","TOTAL","Total","2018","2018",,,"0","Units",,,34.1,,
"KOR","Korea","EMP9_5","Gender wage gap at median","ALL_PERSONS","All persons","TOTAL","Total","2019","2019",,,"0","Units",,,32.5,,
"LUX","Luxembourg","EMP9_5","Gender wage gap at median","ALL_PERSONS","All persons","TOTAL","Total","2010","2010",,,"0","Units",,,4.6,,
"MEX","Mexico","EMP9_5","Gender wage gap at median","ALL_PERSONS","All persons","TOTAL","Total","2005","2005",,,"0","Units",,,16.7,,
"MEX","Mexico","EMP9_5","Gender wage gap at median","ALL_PERSONS","All persons","TOTAL","Total","2010","2010",,,"0","Units",,,11.6,,
"MEX","Mexico","EMP9_5","Gender wage gap at median","ALL_PERSONS","All persons","TOTAL","Total","2015","2015",,,"0","Units",,,16.7,,
"MEX","Mexico","EMP9_5","Gender wage gap at median","ALL_PERSONS","All persons","TOTAL","Total","2016","2016",,,"0","Units",,,16.5,,
"MEX","Mexico","EMP9_5","Gender wage gap at median","ALL_PERSONS","All persons","TOTAL","Total","2017","2017",,,"0","Units",,,11.1,,
"MEX","Mexico","EMP9_5","Gender wage gap at median","ALL_PERSONS","All persons","TOTAL","Total","2018","2018",,,"0","Units",,,14,,
"MEX","Mexico","EMP9_5","Gender wage gap at median","ALL_PERSONS","All persons","TOTAL","Total","2019","2019",,,"0","Units",,,18.8,,
"NLD","Netherlands","EMP9_5","Gender wage gap at median","ALL_PERSONS","All persons","TOTAL","Total","2010","2010",,,"0","Units",,,17.9,,
"NZL","New Zealand","EMP9_5","Gender wage gap at median","ALL_PERSONS","All persons","TOTAL","Total","2000","2000",,,"0","Units",,,7.2,,
"NZL","New Zealand","EMP9_5","Gender wage gap at median","ALL_PERSONS","All persons","TOTAL","Total","2005","2005",,,"0","Units",,,9.6,,
"NZL","New Zealand","EMP9_5","Gender wage gap at median","ALL_PERSONS","All persons","TOTAL","Total","2010","2010",,,"0","Units",,,7,,
"NZL","New Zealand","EMP9_5","Gender wage gap at median","ALL_PERSONS","All persons","TOTAL","Total","2015","2015",,,"0","Units",,,7.9,,
"NZL","New Zealand","EMP9_5","Gender wage gap at median","ALL_PERSONS","All persons","TOTAL","Total","2016","2016",,,"0","Units",,,7.8,,
"NZL","New Zealand","EMP9_5","Gender wage gap at median","ALL_PERSONS","All persons","TOTAL","Total","2017","2017",,,"0","Units",,,7.2,,
"NZL","New Zealand","EMP9_5","Gender wage gap at median","ALL_PERSONS","All persons","TOTAL","Total","2018","2018",,,"0","Units",,,7.9,,
"NZL","New Zealand","EMP9_5","Gender wage gap at median","ALL_PERSONS","All persons","TOTAL","Total","2019","2019",,,"0","Units",,,6.5,,
"NOR","Norway","EMP9_5","Gender wage gap at median","ALL_PERSONS","All persons","TOTAL","Total","2000","2000",,,"0","Units",,,9.2,,
"NOR","Norway","EMP9_5","Gender wage gap at median","ALL_PERSONS","All persons","TOTAL","Total","2005","2005",,,"0","Units",,,8.6,,
"NOR","Norway","EMP9_5","Gender wage gap at median","ALL_PERSONS","All persons","TOTAL","Total","2010","2010",,,"0","Units",,,7.2,,
"NOR","Norway","EMP9_5","Gender wage gap at median","ALL_PERSONS","All persons","TOTAL","Total","2015","2015",,,"0","Units",,,7,,
"NOR","Norway","EMP9_5","Gender wage gap at median","ALL_PERSONS","All persons","TOTAL","Total","2016","2016",,,"0","Units",,,6.3,,
"NOR","Norway","EMP9_5","Gender wage gap at median","ALL_PERSONS","All persons","TOTAL","Total","2017","2017",,,"0","Units",,,5.5,,
"NOR","Norway","EMP9_5","Gender wage gap at median","ALL_PERSONS","All persons","TOTAL","Total","2018","2018",,,"0","Units",,,5.1,,
"NOR","Norway","EMP9_5","Gender wage gap at median","ALL_PERSONS","All persons","TOTAL","Total","2019","2019",,,"0","Units",,,4.4,,
"POL","Poland","EMP9_5","Gender wage gap at median","ALL_PERSONS","All persons","TOTAL","Total","2010","2010",,,"0","Units",,,7.2,,
"POL","Poland","EMP9_5","Gender wage gap at median","ALL_PERSONS","All persons","TOTAL","Total","2016","2016",,,"0","Units",,,9.4,,
"POL","Poland","EMP9_5","Gender wage gap at median","ALL_PERSONS","All persons","TOTAL","Total","2018","2018",,,"0","Units",,,11.5,,
"PRT","Portugal","EMP9_5","Gender wage gap at median","ALL_PERSONS","All persons","TOTAL","Total","2010","2010",,,"0","Units",,,16,,
"PRT","Portugal","EMP9_5","Gender wage gap at median","ALL_PERSONS","All persons","TOTAL","Total","2018","2018",,,"0","Units",,,11.7,,
"SVK","Slovak Republic","EMP9_5","Gender wage gap at median","ALL_PERSONS","All persons","TOTAL","Total","2005","2005",,,"0","Units",,,20.1,,
"SVK","Slovak Republic","EMP9_5","Gender wage gap at median","ALL_PERSONS","All persons","TOTAL","Total","2010","2010",,,"0","Units",,,14.9,,
"SVK","Slovak Republic","EMP9_5","Gender wage gap at median","ALL_PERSONS","All persons","TOTAL","Total","2015","2015",,,"0","Units",,,13.4,,
"SVK","Slovak Republic","EMP9_5","Gender wage gap at median","ALL_PERSONS","All persons","TOTAL","Total","2016","2016",,,"0","Units",,,13.9,,
"SVK","Slovak Republic","EMP9_5","Gender wage gap at median","ALL_PERSONS","All persons","TOTAL","Total","2017","2017",,,"0","Units",,,15,,
"SVK","Slovak Republic","EMP9_5","Gender wage gap at median","ALL_PERSONS","All persons","TOTAL","Total","2018","2018",,,"0","Units",,,15.7,,
"SVK","Slovak Republic","EMP9_5","Gender wage gap at median","ALL_PERSONS","All persons","TOTAL","Total","2019","2019",,,"0","Units",,,13.9,,
"ESP","Spain","EMP9_5","Gender wage gap at median","ALL_PERSONS","All persons","TOTAL","Total","2010","2010",,,"0","Units",,,13.5,,
"SWE","Sweden","EMP9_5","Gender wage gap at median","ALL_PERSONS","All persons","TOTAL","Total","2000","2000",,,"0","Units",,,12.4,,
"SWE","Sweden","EMP9_5","Gender wage gap at median","ALL_PERSONS","All persons","TOTAL","Total","2005","2005",,,"0","Units",,,11.3,,
"SWE","Sweden","EMP9_5","Gender wage gap at median","ALL_PERSONS","All persons","TOTAL","Total","2010","2010",,,"0","Units",,,9.4,,
"SWE","Sweden","EMP9_5","Gender wage gap at median","ALL_PERSONS","All persons","TOTAL","Total","2015","2015",,,"0","Units",,,8.3,,
"SWE","Sweden","EMP9_5","Gender wage gap at median","ALL_PERSONS","All persons","TOTAL","Total","2016","2016",,,"0","Units",,,8.2,,
"SWE","Sweden","EMP9_5","Gender wage gap at median","ALL_PERSONS","All persons","TOTAL","Total","2017","2017",,,"0","Units",,,7.3,,
"SWE","Sweden","EMP9_5","Gender wage gap at median","ALL_PERSONS","All persons","TOTAL","Total","2018","2018",,,"0","Units",,,7.1,,
"SWE","Sweden","EMP9_5","Gender wage gap at median","ALL_PERSONS","All persons","TOTAL","Total","2019","2019",,,"0","Units",,,7.6,,
"CHE","Switzerland","EMP9_5","Gender wage gap at median","ALL_PERSONS","All persons","TOTAL","Total","2000","2000",,,"0","Units",,,23.8,,
"CHE","Switzerland","EMP9_5","Gender wage gap at median","ALL_PERSONS","All persons","TOTAL","Total","2010","2010",,,"0","Units",,,20.1,,
"CHE","Switzerland","EMP9_5","Gender wage gap at median","ALL_PERSONS","All persons","TOTAL","Total","2016","2016",,,"0","Units",,,14.8,,
"CHE","Switzerland","EMP9_5","Gender wage gap at median","ALL_PERSONS","All persons","TOTAL","Total","2018","2018",,,"0","Units",,,15.1,,
"TUR","Turkey","EMP9_5","Gender wage gap at median","ALL_PERSONS","All persons","TOTAL","Total","2010","2010",,,"0","Units",,,3.1,,
"GBR","United Kingdom","EMP9_5","Gender wage gap at median","ALL_PERSONS","All persons","TOTAL","Total","2000","2000",,,"0","Units",,,26.3,,
"GBR","United Kingdom","EMP9_5","Gender wage gap at median","ALL_PERSONS","All persons","TOTAL","Total","2005","2005",,,"0","Units",,,22.1,,
"GBR","United Kingdom","EMP9_5","Gender wage gap at median","ALL_PERSONS","All persons","TOTAL","Total","2010","2010",,,"0","Units",,,19.2,,
"GBR","United Kingdom","EMP9_5","Gender wage gap at median","ALL_PERSONS","All persons","TOTAL","Total","2015","2015",,,"0","Units",,,17.1,,
"GBR","United Kingdom","EMP9_5","Gender wage gap at median","ALL_PERSONS","All persons","TOTAL","Total","2016","2016",,,"0","Units",,,16.8,,
"GBR","United Kingdom","EMP9_5","Gender wage gap at median","ALL_PERSONS","All persons","TOTAL","Total","2017","2017",,,"0","Units",,,16.5,,
"GBR","United Kingdom","EMP9_5","Gender wage gap at median","ALL_PERSONS","All persons","TOTAL","Total","2018","2018",,,"0","Units",,,16.3,,
"GBR","United Kingdom","EMP9_5","Gender wage gap at median","ALL_PERSONS","All persons","TOTAL","Total","2019","2019",,,"0","Units",,,16.1,,
"USA","United States","EMP9_5","Gender wage gap at median","ALL_PERSONS","All persons","TOTAL","Total","2000","2000",,,"0","Units",,,23.1,,
"USA","United States","EMP9_5","Gender wage gap at median","ALL_PERSONS","All persons","TOTAL","Total","2005","2005",,,"0","Units",,,19,,
"USA","United States","EMP9_5","Gender wage gap at median","ALL_PERSONS","All persons","TOTAL","Total","2010","2010",,,"0","Units",,,18.8,,
"USA","United States","EMP9_5","Gender wage gap at median","ALL_PERSONS","All persons","TOTAL","Total","2015","2015",,,"0","Units",,,18.9,,
"USA","United States","EMP9_5","Gender wage gap at median","ALL_PERSONS","All persons","TOTAL","Total","2016","2016",,,"0","Units",,,18.1,,
"USA","United States","EMP9_5","Gender wage gap at median","ALL_PERSONS","All persons","TOTAL","Total","2017","2017",,,"0","Units",,,18.2,,
"USA","United States","EMP9_5","Gender wage gap at median","ALL_PERSONS","All persons","TOTAL","Total","2018","2018",,,"0","Units",,,18.9,,
"USA","United States","EMP9_5","Gender wage gap at median","ALL_PERSONS","All persons","TOTAL","Total","2019","2019",,,"0","Units",,,18.5,,
"CHL","Chile","EMP9_5","Gender wage gap at median","ALL_PERSONS","All persons","TOTAL","Total","2000","2000",,,"0","Units",,,6.1,,
"CHL","Chile","EMP9_5","Gender wage gap at median","ALL_PERSONS","All persons","TOTAL","Total","2015","2015",,,"0","Units",,,14.3,,
"CHL","Chile","EMP9_5","Gender wage gap at median","ALL_PERSONS","All persons","TOTAL","Total","2017","2017",,,"0","Units",,,12.5,,
"COL","Colombia","EMP9_5","Gender wage gap at median","ALL_PERSONS","All persons","TOTAL","Total","2010","2010",,,"0","Units",,,6.4,,
"COL","Colombia","EMP9_5","Gender wage gap at median","ALL_PERSONS","All persons","TOTAL","Total","2015","2015",,,"0","Units",,,11.1,,
"COL","Colombia","EMP9_5","Gender wage gap at median","ALL_PERSONS","All persons","TOTAL","Total","2016","2016",,,"0","Units",,,7.1,,
"COL","Colombia","EMP9_5","Gender wage gap at median","ALL_PERSONS","All persons","TOTAL","Total","2017","2017",,,"0","Units",,,7.7,,
"COL","Colombia","EMP9_5","Gender wage gap at median","ALL_PERSONS","All persons","TOTAL","Total","2018","2018",,,"0","Units",,,5.8,,
"COL","Colombia","EMP9_5","Gender wage gap at median","ALL_PERSONS","All persons","TOTAL","Total","2019","2019",,,"0","Units",,,4,,
"CRI","Costa Rica","EMP9_5","Gender wage gap at median","ALL_PERSONS","All persons","TOTAL","Total","2015","2015",,,"0","Units",,,3.7,,
"CRI","Costa Rica","EMP9_5","Gender wage gap at median","ALL_PERSONS","All persons","TOTAL","Total","2016","2016",,,"0","Units",,,1.8,,
"CRI","Costa Rica","EMP9_5","Gender wage gap at median","ALL_PERSONS","All persons","TOTAL","Total","2017","2017",,,"0","Units",,,3,,
"CRI","Costa Rica","EMP9_5","Gender wage gap at median","ALL_PERSONS","All persons","TOTAL","Total","2018","2018",,,"0","Units",,,4.7,,
"CRI","Costa Rica","EMP9_5","Gender wage gap at median","ALL_PERSONS","All persons","TOTAL","Total","2019","2019",,,"0","Units",,,0,,
"EST","Estonia","EMP9_5","Gender wage gap at median","ALL_PERSONS","All persons","TOTAL","Total","2010","2010",,,"0","Units",,,23.5,,
"ISR","Israel","EMP9_5","Gender wage gap at median","ALL_PERSONS","All persons","TOTAL","Total","2005","2005",,,"0","Units",,,21.9,,
"ISR","Israel","EMP9_5","Gender wage gap at median","ALL_PERSONS","All persons","TOTAL","Total","2010","2010",,,"0","Units",,,20.4,,
"ISR","Israel","EMP9_5","Gender wage gap at median","ALL_PERSONS","All persons","TOTAL","Total","2015","2015",,,"0","Units",,,20.4,,
"ISR","Israel","EMP9_5","Gender wage gap at median","ALL_PERSONS","All persons","TOTAL","Total","2016","2016",,,"0","Units",,,21.6,,
"ISR","Israel","EMP9_5","Gender wage gap at median","ALL_PERSONS","All persons","TOTAL","Total","2017","2017",,,"0","Units",,,21.8,,
"ISR","Israel","EMP9_5","Gender wage gap at median","ALL_PERSONS","All persons","TOTAL","Total","2018","2018",,,"0","Units",,,22.7,,
"LVA","Latvia","EMP9_5","Gender wage gap at median","ALL_PERSONS","All persons","TOTAL","Total","2010","2010",,,"0","Units",,,19.1,,
"LTU","Lithuania","EMP9_5","Gender wage gap at median","ALL_PERSONS","All persons","TOTAL","Total","2010","2010",,,"0","Units",,,10.6,,
"SVN","Slovenia","EMP9_5","Gender wage gap at median","ALL_PERSONS","All persons","TOTAL","Total","2010","2010",,,"0","Units",,,1,,
"OAVG","OECD - Average","EMP9_5","Gender wage gap at median","ALL_PERSONS","All persons","TOTAL","Total","2000","2000",,,"0","Units",,,18.1,,
"OAVG","OECD - Average","EMP9_5","Gender wage gap at median","ALL_PERSONS","All persons","TOTAL","Total","2005","2005",,,"0","Units",,,15.9,,
"OAVG","OECD - Average","EMP9_5","Gender wage gap at median","ALL_PERSONS","All persons","TOTAL","Total","2010","2010",,,"0","Units",,,13.5,,
"OAVG","OECD - Average","EMP9_5","Gender wage gap at median","ALL_PERSONS","All persons","TOTAL","Total","2015","2015",,,"0","Units",,,13.6,,
"OAVG","OECD - Average","EMP9_5","Gender wage gap at median","ALL_PERSONS","All persons","TOTAL","Total","2016","2016",,,"0","Units",,,13,,
"OAVG","OECD - Average","EMP9_5","Gender wage gap at median","ALL_PERSONS","All persons","TOTAL","Total","2017","2017",,,"0","Units",,,12.7,,
"OAVG","OECD - Average","EMP9_5","Gender wage gap at median","ALL_PERSONS","All persons","TOTAL","Total","2018","2018",,,"0","Units",,,12.7,,
"HUN","Hungary","EMP9_9","Gender wage gap at 9th decile (top)","ALL_PERSONS","All persons","TOTAL","Total","2017","2017",,,"0","Units",,,23.2,,
"HUN","Hungary","EMP9_9","Gender wage gap at 9th decile (top)","ALL_PERSONS","All persons","TOTAL","Total","2018","2018",,,"0","Units",,,22.3,,
"HUN","Hungary","EMP9_5","Gender wage gap at median","ALL_PERSONS","All persons","TOTAL","Total","2017","2017",,,"0","Units",,,5.3,,
"HUN","Hungary","EMP9_5","Gender wage gap at median","ALL_PERSONS","All persons","TOTAL","Total","2018","2018",,,"0","Units",,,5.1,,
"FRA","France","EMP9_1","Gender wage gap at 1st decile (bottom)","ALL_PERSONS","All persons","TOTAL","Total","2018","2018",,,"0","Units",,,8.2,,
"FRA","France","EMP9_9","Gender wage gap at 9th decile (top)","ALL_PERSONS","All persons","TOTAL","Total","2018","2018",,,"0","Units",,,21.2,,
"FRA","France","EMP9_5","Gender wage gap at median","ALL_PERSONS","All persons","TOTAL","Total","2018","2018",,,"0","Units",,,11.8,,
"ISL","Iceland","EMP9_1","Gender wage gap at 1st decile (bottom)","ALL_PERSONS","All persons","TOTAL","Total","2018","2018",,,"0","Units",,,13,,
"ISL","Iceland","EMP9_9","Gender wage gap at 9th decile (top)","ALL_PERSONS","All persons","TOTAL","Total","2018","2018",,,"0","Units",,,17.6,,
"ISL","Iceland","EMP9_5","Gender wage gap at median","ALL_PERSONS","All persons","TOTAL","Total","2018","2018",,,"0","Units",,,12.9,,
"IRL","Ireland","EMP9_1","Gender wage gap at 1st decile (bottom)","ALL_PERSONS","All persons","TOTAL","Total","2018","2018",,,"0","Units",,,10.1,,
"IRL","Ireland","EMP9_9","Gender wage gap at 9th decile (top)","ALL_PERSONS","All persons","TOTAL","Total","2018","2018",,,"0","Units",,,21,,
"IRL","Ireland","EMP9_5","Gender wage gap at median","ALL_PERSONS","All persons","TOTAL","Total","2018","2018",,,"0","Units",,,8.3,,
"ITA","Italy","EMP9_1","Gender wage gap at 1st decile (bottom)","ALL_PERSONS","All persons","TOTAL","Total","2018","2018",,,"0","Units",,,3.9,,
"ITA","Italy","EMP9_9","Gender wage gap at 9th decile (top)","ALL_PERSONS","All persons","TOTAL","Total","2018","2018",,,"0","Units",,,22.3,,
"ITA","Italy","EMP9_5","Gender wage gap at median","ALL_PERSONS","All persons","TOTAL","Total","2018","2018",,,"0","Units",,,5.7,,
"NLD","Netherlands","EMP9_1","Gender wage gap at 1st decile (bottom)","ALL_PERSONS","All persons","TOTAL","Total","2018","2018",,,"0","Units",,,9.7,,
"NLD","Netherlands","EMP9_9","Gender wage gap at 9th decile (top)","ALL_PERSONS","All persons","TOTAL","Total","2018","2018",,,"0","Units",,,13.7,,
"NLD","Netherlands","EMP9_5","Gender wage gap at median","ALL_PERSONS","All persons","TOTAL","Total","2018","2018",,,"0","Units",,,12.7,,
"EST","Estonia","EMP9_1","Gender wage gap at 1st decile (bottom)","ALL_PERSONS","All persons","TOTAL","Total","2018","2018",,,"0","Units",,,3.7,,
"EST","Estonia","EMP9_9","Gender wage gap at 9th decile (top)","ALL_PERSONS","All persons","TOTAL","Total","2018","2018",,,"0","Units",,,25.5,,
"EST","Estonia","EMP9_5","Gender wage gap at median","ALL_PERSONS","All persons","TOTAL","Total","2018","2018",,,"0","Units",,,17.3,,
"AUS","Australia","EMP9_5","Gender wage gap at median","ALL_PERSONS","All persons","TOTAL","Total","2019","2019",,,"0","Units",,,15,,
"AUS","Australia","EMP9_5","Gender wage gap at median","ALL_PERSONS","All persons","TOTAL","Total","2020","2020",,,"0","Units",,,12.3,,
"AUT","Austria","EMP9_1","Gender wage gap at 1st decile (bottom)","ALL_PERSONS","All persons","TOTAL","Total","2019","2019",,,"0","Units",,,17.6,,
"AUT","Austria","EMP9_9","Gender wage gap at 9th decile (top)","ALL_PERSONS","All persons","TOTAL","Total","2019","2019",,,"0","Units",,,19.4,,
"AUT","Austria","EMP9_5","Gender wage gap at median","ALL_PERSONS","All persons","TOTAL","Total","2019","2019",,,"0","Units",,,14,,
"BEL","Belgium","EMP9_1","Gender wage gap at 1st decile (bottom)","ALL_PERSONS","All persons","TOTAL","Total","2018","2018",,,"0","Units",,,5.5,,
"BEL","Belgium","EMP9_9","Gender wage gap at 9th decile (top)","ALL_PERSONS","All persons","TOTAL","Total","2018","2018",,,"0","Units",,,6.5,,
"BEL","Belgium","EMP9_5","Gender wage gap at median","ALL_PERSONS","All persons","TOTAL","Total","2018","2018",,,"0","Units",,,3.4,,
"CAN","Canada","EMP9_1","Gender wage gap at 1st decile (bottom)","ALL_PERSONS","All persons","TOTAL","Total","2020","2020",,,"0","Units",,,10,,
"CAN","Canada","EMP9_9","Gender wage gap at 9th decile (top)","ALL_PERSONS","All persons","TOTAL","Total","2020","2020",,,"0","Units",,,13.6,,
"CAN","Canada","EMP9_5","Gender wage gap at median","ALL_PERSONS","All persons","TOTAL","Total","2020","2020",,,"0","Units",,,16.1,,
"CZE","Czech Republic","EMP9_1","Gender wage gap at 1st decile (bottom)","ALL_PERSONS","All persons","TOTAL","Total","2020","2020",,,"0","Units",,,4.3,,
"CZE","Czech Republic","EMP9_9","Gender wage gap at 9th decile (top)","ALL_PERSONS","All persons","TOTAL","Total","2020","2020",,,"0","Units",,,19.5,,
"CZE","Czech Republic","EMP9_5","Gender wage gap at median","ALL_PERSONS","All persons","TOTAL","Total","2020","2020",,,"0","Units",,,12.4,,
"DNK","Denmark","EMP9_1","Gender wage gap at 1st decile (bottom)","ALL_PERSONS","All persons","TOTAL","Total","2019","2019",,,"0","Units",,,7.9,,
"DNK","Denmark","EMP9_9","Gender wage gap at 9th decile (top)","ALL_PERSONS","All persons","TOTAL","Total","2019","2019",,,"0","Units",,,12,,
"DNK","Denmark","EMP9_5","Gender wage gap at median","ALL_PERSONS","All persons","TOTAL","Total","2019","2019",,,"0","Units",,,5.1,,
"FIN","Finland","EMP9_1","Gender wage gap at 1st decile (bottom)","ALL_PERSONS","All persons","TOTAL","Total","2019","2019",,,"0","Units",,,10.8,,
"FIN","Finland","EMP9_9","Gender wage gap at 9th decile (top)","ALL_PERSONS","All persons","TOTAL","Total","2019","2019",,,"0","Units",,,20.1,,
"FIN","Finland","EMP9_5","Gender wage gap at median","ALL_PERSONS","All persons","TOTAL","Total","2019","2019",,,"0","Units",,,17.2,,
"DEU","Germany","EMP9_1","Gender wage gap at 1st decile (bottom)","ALL_PERSONS","All persons","TOTAL","Total","2019","2019",,,"0","Units",,,13.2,,
"DEU","Germany","EMP9_9","Gender wage gap at 9th decile (top)","ALL_PERSONS","All persons","TOTAL","Total","2019","2019",,,"0","Units",,,20.4,,
"DEU","Germany","EMP9_5","Gender wage gap at median","ALL_PERSONS","All persons","TOTAL","Total","2019","2019",,,"0","Units",,,13.9,,
"HUN","Hungary","EMP9_1","Gender wage gap at 1st decile (bottom)","ALL_PERSONS","All persons","TOTAL","Total","2019","2019",,,"0","Units",,,7.6,,
"HUN","Hungary","EMP9_9","Gender wage gap at 9th decile (top)","ALL_PERSONS","All persons","TOTAL","Total","2019","2019",,,"0","Units",,,24.2,,
"HUN","Hungary","EMP9_5","Gender wage gap at median","ALL_PERSONS","All persons","TOTAL","Total","2019","2019",,,"0","Units",,,12.8,,
"JPN","Japan","EMP9_1","Gender wage gap at 1st decile (bottom)","ALL_PERSONS","All persons","TOTAL","Total","2020","2020",,,"0","Units",,,15.8,,
"JPN","Japan","EMP9_9","Gender wage gap at 9th decile (top)","ALL_PERSONS","All persons","TOTAL","Total","2020","2020",,,"0","Units",,,32,,
"JPN","Japan","EMP9_5","Gender wage gap at median","ALL_PERSONS","All persons","TOTAL","Total","2020","2020",,,"0","Units",,,22.5,,
"KOR","Korea","EMP9_1","Gender wage gap at 1st decile (bottom)","ALL_PERSONS","All persons","TOTAL","Total","2020","2020",,,"0","Units",,,7.2,,
"KOR","Korea","EMP9_9","Gender wage gap at 9th decile (top)","ALL_PERSONS","All persons","TOTAL","Total","2020","2020",,,"0","Units",,,34.6,,
"KOR","Korea","EMP9_5","Gender wage gap at median","ALL_PERSONS","All persons","TOTAL","Total","2020","2020",,,"0","Units",,,31.5,,
"MEX","Mexico","EMP9_1","Gender wage gap at 1st decile (bottom)","ALL_PERSONS","All persons","TOTAL","Total","2020","2020",,,"0","Units",,,11.1,,
"MEX","Mexico","EMP9_9","Gender wage gap at 9th decile (top)","ALL_PERSONS","All persons","TOTAL","Total","2020","2020",,,"0","Units",,,7,,
"MEX","Mexico","EMP9_5","Gender wage gap at median","ALL_PERSONS","All persons","TOTAL","Total","2020","2020",,,"0","Units",,,9.6,,
"NZL","New Zealand","EMP9_1","Gender wage gap at 1st decile (bottom)","ALL_PERSONS","All persons","TOTAL","Total","2020","2020",,,"0","Units",,,3.5,,
"NZL","New Zealand","EMP9_9","Gender wage gap at 9th decile (top)","ALL_PERSONS","All persons","TOTAL","Total","2020","2020",,,"0","Units",,,14,,
"NZL","New Zealand","EMP9_5","Gender wage gap at median","ALL_PERSONS","All persons","TOTAL","Total","2020","2020",,,"0","Units",,,4.6,,
"NOR","Norway","EMP9_1","Gender wage gap at 1st decile (bottom)","ALL_PERSONS","All persons","TOTAL","Total","2020","2020",,,"0","Units",,,3.8,,
"NOR","Norway","EMP9_9","Gender wage gap at 9th decile (top)","ALL_PERSONS","All persons","TOTAL","Total","2020","2020",,,"0","Units",,,18.1,,
"NOR","Norway","EMP9_5","Gender wage gap at median","ALL_PERSONS","All persons","TOTAL","Total","2020","2020",,,"0","Units",,,4.8,,
"SVK","Slovak Republic","EMP9_1","Gender wage gap at 1st decile (bottom)","ALL_PERSONS","All persons","TOTAL","Total","2020","2020",,,"0","Units",,,2.9,,
"SVK","Slovak Republic","EMP9_9","Gender wage gap at 9th decile (top)","ALL_PERSONS","All persons","TOTAL","Total","2020","2020",,,"0","Units",,,20.3,,
"SVK","Slovak Republic","EMP9_5","Gender wage gap at median","ALL_PERSONS","All persons","TOTAL","Total","2020","2020",,,"0","Units",,,11,,
"ESP","Spain","EMP9_1","Gender wage gap at 1st decile (bottom)","ALL_PERSONS","All persons","TOTAL","Total","2018","2018",,,"0","Units",,,11.3,,
"ESP","Spain","EMP9_9","Gender wage gap at 9th decile (top)","ALL_PERSONS","All persons","TOTAL","Total","2018","2018",,,"0","Units",,,9.5,,
"ESP","Spain","EMP9_5","Gender wage gap at median","ALL_PERSONS","All persons","TOTAL","Total","2018","2018",,,"0","Units",,,8.6,,
"SWE","Sweden","EMP9_1","Gender wage gap at 1st decile (bottom)","ALL_PERSONS","All persons","TOTAL","Total","2020","2020",,,"0","Units",,,4.5,,
"SWE","Sweden","EMP9_9","Gender wage gap at 9th decile (top)","ALL_PERSONS","All persons","TOTAL","Total","2020","2020",,,"0","Units",,,14,,
"SWE","Sweden","EMP9_5","Gender wage gap at median","ALL_PERSONS","All persons","TOTAL","Total","2020","2020",,,"0","Units",,,7.4,,
"TUR","Turkey","EMP9_9","Gender wage gap at 9th decile (top)","ALL_PERSONS","All persons","TOTAL","Total","2018","2018",,,"0","Units",,,5.2,,
"TUR","Turkey","EMP9_5","Gender wage gap at median","ALL_PERSONS","All persons","TOTAL","Total","2018","2018",,,"0","Units",,,10,,
"GBR","United Kingdom","EMP9_1","Gender wage gap at 1st decile (bottom)","ALL_PERSONS","All persons","TOTAL","Total","2020","2020",,,"0","Units",,,8.4,,
"GBR","United Kingdom","EMP9_9","Gender wage gap at 9th decile (top)","ALL_PERSONS","All persons","TOTAL","Total","2020","2020",,,"0","Units",,,19.8,,
"GBR","United Kingdom","EMP9_5","Gender wage gap at median","ALL_PERSONS","All persons","TOTAL","Total","2020","2020",,,"0","Units",,,12.3,,
"USA","United States","EMP9_1","Gender wage gap at 1st decile (bottom)","ALL_PERSONS","All persons","TOTAL","Total","2020","2020",,,"0","Units",,,11,,
"USA","United States","EMP9_9","Gender wage gap at 9th decile (top)","ALL_PERSONS","All persons","TOTAL","Total","2020","2020",,,"0","Units",,,22.8,,
"USA","United States","EMP9_5","Gender wage gap at median","ALL_PERSONS","All persons","TOTAL","Total","2020","2020",,,"0","Units",,,17.7,,
"CHL","Chile","EMP9_1","Gender wage gap at 1st decile (bottom)","ALL_PERSONS","All persons","TOTAL","Total","2020","2020",,,"0","Units",,,20,,
"CHL","Chile","EMP9_9","Gender wage gap at 9th decile (top)","ALL_PERSONS","All persons","TOTAL","Total","2020","2020",,,"0","Units",,,13.3,,
"CHL","Chile","EMP9_5","Gender wage gap at median","ALL_PERSONS","All persons","TOTAL","Total","2020","2020",,,"0","Units",,,8.6,,
"LVA","Latvia","EMP9_1","Gender wage gap at 1st decile (bottom)","ALL_PERSONS","All persons","TOTAL","Total","2018","2018",,,"0","Units",,,12.2,,
"LVA","Latvia","EMP9_9","Gender wage gap at 9th decile (top)","ALL_PERSONS","All persons","TOTAL","Total","2018","2018",,,"0","Units",,,27.1,,
"LVA","Latvia","EMP9_5","Gender wage gap at median","ALL_PERSONS","All persons","TOTAL","Total","2018","2018",,,"0","Units",,,20.3,,
"LTU","Lithuania","EMP9_1","Gender wage gap at 1st decile (bottom)","ALL_PERSONS","All persons","TOTAL","Total","2018","2018",,,"0","Units",,,6.3,,
"LTU","Lithuania","EMP9_9","Gender wage gap at 9th decile (top)","ALL_PERSONS","All persons","TOTAL","Total","2018","2018",,,"0","Units",,,22.5,,
"LTU","Lithuania","EMP9_5","Gender wage gap at median","ALL_PERSONS","All persons","TOTAL","Total","2018","2018",,,"0","Units",,,11.7,,
"SVN","Slovenia","EMP9_1","Gender wage gap at 1st decile (bottom)","ALL_PERSONS","All persons","TOTAL","Total","2018","2018",,,"0","Units",,,4.9,,
"SVN","Slovenia","EMP9_9","Gender wage gap at 9th decile (top)","ALL_PERSONS","All persons","TOTAL","Total","2018","2018",,,"0","Units",,,12.7,,
"SVN","Slovenia","EMP9_5","Gender wage gap at median","ALL_PERSONS","All persons","TOTAL","Total","2018","2018",,,"0","Units",,,8.2,,
"OAVG","OECD - Average","EMP9_1","Gender wage gap at 1st decile (bottom)","ALL_PERSONS","All persons","TOTAL","Total","2019","2019",,,"0","Units",,,9.6,,
"OAVG","OECD - Average","EMP9_9","Gender wage gap at 9th decile (top)","ALL_PERSONS","All persons","TOTAL","Total","2019","2019",,,"0","Units",,,16.9,,
"OAVG","OECD - Average","EMP9_5","Gender wage gap at median","ALL_PERSONS","All persons","TOTAL","Total","2019","2019",,,"0","Units",,,12.5,,
"AUT","Austria","EMP9_1","Gender wage gap at 1st decile (bottom)","ALL_PERSONS","All persons","TOTAL","Total","2020","2020",,,"0","Units",,,15.6,,
"AUT","Austria","EMP9_9","Gender wage gap at 9th decile (top)","ALL_PERSONS","All persons","TOTAL","Total","2020","2020",,,"0","Units",,,18.8,,
"AUT","Austria","EMP9_5","Gender wage gap at median","ALL_PERSONS","All persons","TOTAL","Total","2020","2020",,,"0","Units",,,13.3,,
"BEL","Belgium","EMP9_1","Gender wage gap at 1st decile (bottom)","ALL_PERSONS","All persons","TOTAL","Total","2019","2019",,,"0","Units",,,5.6,,
"BEL","Belgium","EMP9_9","Gender wage gap at 9th decile (top)","ALL_PERSONS","All persons","TOTAL","Total","2019","2019",,,"0","Units",,,6.3,,
"BEL","Belgium","EMP9_5","Gender wage gap at median","ALL_PERSONS","All persons","TOTAL","Total","2019","2019",,,"0","Units",,,3.8,,
"GRC","Greece","EMP9_1","Gender wage gap at 1st decile (bottom)","ALL_PERSONS","All persons","TOTAL","Total","2019","2019",,,"0","Units",,,1.2,,
"GRC","Greece","EMP9_9","Gender wage gap at 9th decile (top)","ALL_PERSONS","All persons","TOTAL","Total","2019","2019",,,"0","Units",,,25.3,,
"GRC","Greece","EMP9_9","Gender wage gap at 9th decile (top)","ALL_PERSONS","All persons","TOTAL","Total","2020","2020",,,"0","Units",,,25.8,,
"GRC","Greece","EMP9_5","Gender wage gap at median","ALL_PERSONS","All persons","TOTAL","Total","2019","2019",,,"0","Units",,,5.9,,
"GRC","Greece","EMP9_5","Gender wage gap at median","ALL_PERSONS","All persons","TOTAL","Total","2020","2020",,,"0","Units",,,8.9,,
"HUN","Hungary","EMP9_1","Gender wage gap at 1st decile (bottom)","ALL_PERSONS","All persons","TOTAL","Total","2020","2020",,,"0","Units",,,9.6,,
"HUN","Hungary","EMP9_9","Gender wage gap at 9th decile (top)","ALL_PERSONS","All persons","TOTAL","Total","2020","2020",,,"0","Units",,,26.2,,
"HUN","Hungary","EMP9_5","Gender wage gap at median","ALL_PERSONS","All persons","TOTAL","Total","2020","2020",,,"0","Units",,,9.9,,
"IRL","Ireland","EMP9_1","Gender wage gap at 1st decile (bottom)","ALL_PERSONS","All persons","TOTAL","Total","2019","2019",,,"0","Units",,,15.9,,
"IRL","Ireland","EMP9_9","Gender wage gap at 9th decile (top)","ALL_PERSONS","All persons","TOTAL","Total","2019","2019",,,"0","Units",,,22.9,,
"IRL","Ireland","EMP9_5","Gender wage gap at median","ALL_PERSONS","All persons","TOTAL","Total","2019","2019",,,"0","Units",,,5.2,,
"ITA","Italy","EMP9_1","Gender wage gap at 1st decile (bottom)","ALL_PERSONS","All persons","TOTAL","Total","2019","2019",,,"0","Units",,,11.6,,
"ITA","Italy","EMP9_9","Gender wage gap at 9th decile (top)","ALL_PERSONS","All persons","TOTAL","Total","2019","2019",,,"0","Units",,,24.4,,
"ITA","Italy","EMP9_5","Gender wage gap at median","ALL_PERSONS","All persons","TOTAL","Total","2019","2019",,,"0","Units",,,7.6,,
"POL","Poland","EMP9_9","Gender wage gap at 9th decile (top)","ALL_PERSONS","All persons","TOTAL","Total","2020","2020",,,"0","Units",,,18.3,,
"POL","Poland","EMP9_5","Gender wage gap at median","ALL_PERSONS","All persons","TOTAL","Total","2020","2020",,,"0","Units",,,8.7,,
"PRT","Portugal","EMP9_1","Gender wage gap at 1st decile (bottom)","ALL_PERSONS","All persons","TOTAL","Total","2020","2020",,,"0","Units",,,2,,
"PRT","Portugal","EMP9_9","Gender wage gap at 9th decile (top)","ALL_PERSONS","All persons","TOTAL","Total","2019","2019",,,"0","Units",,,14.5,,
"PRT","Portugal","EMP9_9","Gender wage gap at 9th decile (top)","ALL_PERSONS","All persons","TOTAL","Total","2020","2020",,,"0","Units",,,10.8,,
"PRT","Portugal","EMP9_5","Gender wage gap at median","ALL_PERSONS","All persons","TOTAL","Total","2019","2019",,,"0","Units",,,11.4,,
"PRT","Portugal","EMP9_5","Gender wage gap at median","ALL_PERSONS","All persons","TOTAL","Total","2020","2020",,,"0","Units",,,11.7,,
"CHE","Switzerland","EMP9_1","Gender wage gap at 1st decile (bottom)","ALL_PERSONS","All persons","TOTAL","Total","2019","2019",,,"0","Units",,,30.5,,
"CHE","Switzerland","EMP9_1","Gender wage gap at 1st decile (bottom)","ALL_PERSONS","All persons","TOTAL","Total","2020","2020",,,"0","Units",,,38.7,,
"CHE","Switzerland","EMP9_9","Gender wage gap at 9th decile (top)","ALL_PERSONS","All persons","TOTAL","Total","2019","2019",,,"0","Units",,,20.8,,
"CHE","Switzerland","EMP9_9","Gender wage gap at 9th decile (top)","ALL_PERSONS","All persons","TOTAL","Total","2020","2020",,,"0","Units",,,16.9,,
"CHE","Switzerland","EMP9_5","Gender wage gap at median","ALL_PERSONS","All persons","TOTAL","Total","2019","2019",,,"0","Units",,,17.2,,
"CHE","Switzerland","EMP9_5","Gender wage gap at median","ALL_PERSONS","All persons","TOTAL","Total","2020","2020",,,"0","Units",,,13.8,,
"OAVG","OECD - Average","EMP9_1","Gender wage gap at 1st decile (bottom)","ALL_PERSONS","All persons","TOTAL","Total","2020","2020",,,"0","Units",,,10.2,,
"OAVG","OECD - Average","EMP9_9","Gender wage gap at 9th decile (top)","ALL_PERSONS","All persons","TOTAL","Total","2020","2020",,,"0","Units",,,16.4,,
"OAVG","OECD - Average","EMP9_5","Gender wage gap at median","ALL_PERSONS","All persons","TOTAL","Total","2020","2020",,,"0","Units",,,11.6,,
