"COUNTRY","Country","SEX","Sex","SERIES","Series","TIME","Time","Unit Code","Unit","PowerCode Code","PowerCode","Reference Period Code","Reference Period","Value","Flag Codes","Flags"
"BGR","Bulgaria","MW","All persons","GWG5","Gender wage gap at median","2002","2002",,,"0","Units",,,12.012692656,,
"BGR","Bulgaria","MW","All persons","GWG5","Gender wage gap at median","2010","2010",,,"0","Units",,,6.9343065693,,
"BGR","Bulgaria","MW","All persons","GWG5","Gender wage gap at median","2014","2014",,,"0","Units",,,4.0625,,
"BGR","Bulgaria","MW","All persons","GWG5","Gender wage gap at median","2018","2018",,,"0","Units",,,3.0303030303,,
"BGR","Bulgaria","MW","All persons","GWG5","Gender wage gap at median","2019","2019",,,"0","Units",,,3.3577967679,,
"BGR","Bulgaria","MW","All persons","GWG5","Gender wage gap at median","2020","2020",,,"0","Units",,,2.5546878995,,
"OECD","OECD countries","MW","All persons","GWG5","Gender wage gap at median","2000","2000",,,"0","Units",,,18.0863833553353,,
"OECD","OECD countries","MW","All persons","GWG5","Gender wage gap at median","2001","2001",,,"0","Units",,,17.854225351292,,
"OECD","OECD countries","MW","All persons","GWG5","Gender wage gap at median","2002","2002",,,"0","Units",,,17.5057861954941,,
"OECD","OECD countries","MW","All persons","GWG5","Gender wage gap at median","2003","2003",,,"0","Units",,,16.8183365800628,,
"OECD","OECD countries","MW","All persons","GWG5","Gender wage gap at median","2004","2004",,,"0","Units",,,16.4423315049153,,
"OECD","OECD countries","MW","All persons","GWG5","Gender wage gap at median","2005","2005",,,"0","Units",,,15.9236066583827,,
"OECD","OECD countries","MW","All persons","GWG5","Gender wage gap at median","2006","2006",,,"0","Units",,,15.3659609813971,,
"OECD","OECD countries","MW","All persons","GWG5","Gender wage gap at median","2007","2007",,,"0","Units",,,14.5340564084669,,
"OECD","OECD countries","MW","All persons","GWG5","Gender wage gap at median","2008","2008",,,"0","Units",,,14.5281863855094,,
"OECD","OECD countries","MW","All persons","GWG5","Gender wage gap at median","2009","2009",,,"0","Units",,,13.9961949102026,,
"OECD","OECD countries","MW","All persons","GWG5","Gender wage gap at median","2010","2010",,,"0","Units",,,13.5057791335159,,
"OECD","OECD countries","MW","All persons","GWG5","Gender wage gap at median","2011","2011",,,"0","Units",,,13.3596664639136,,
"OECD","OECD countries","MW","All persons","GWG5","Gender wage gap at median","2012","2012",,,"0","Units",,,13.4084174466179,,
"OECD","OECD countries","MW","All persons","GWG5","Gender wage gap at median","2013","2013",,,"0","Units",,,13.3039384322988,,
"OECD","OECD countries","MW","All persons","GWG5","Gender wage gap at median","2014","2014",,,"0","Units",,,13.3876436045522,,
"OECD","OECD countries","MW","All persons","GWG5","Gender wage gap at median","2015","2015",,,"0","Units",,,13.6113752366952,,
"OECD","OECD countries","MW","All persons","GWG5","Gender wage gap at median","2016","2016",,,"0","Units",,,13.0297865811281,,
"OECD","OECD countries","MW","All persons","GWG5","Gender wage gap at median","2017","2017",,,"0","Units",,,12.7119901250866,,
"OECD","OECD countries","MW","All persons","GWG5","Gender wage gap at median","2018","2018",,,"0","Units",,,12.7372264679771,,
"OECD","OECD countries","MW","All persons","GWG5","Gender wage gap at median","2019","2019",,,"0","Units",,,12.5389673471986,,
"OECD","OECD countries","MW","All persons","GWG5","Gender wage gap at median","2020","2020",,,"0","Units",,,11.6200262089784,,
"ISL","Iceland","MW","All persons","GWG5","Gender wage gap at median","2002","2002",,,"0","Units",,,28.722134916,,
"ISL","Iceland","MW","All persons","GWG5","Gender wage gap at median","2006","2006",,,"0","Units",,,23.269628099,,
"ISL","Iceland","MW","All persons","GWG5","Gender wage gap at median","2010","2010",,,"0","Units",,,16.46039604,,
"ISL","Iceland","MW","All persons","GWG5","Gender wage gap at median","2014","2014",,,"0","Units",,,13.84083045,,
"ISL","Iceland","MW","All persons","GWG5","Gender wage gap at median","2018","2018",,,"0","Units",,,12.901247189,,
"MEX","Mexico","MW","All persons","GWG5","Gender wage gap at median","2005","2005",,,"0","Units",,,16.666666667,,
"MEX","Mexico","MW","All persons","GWG5","Gender wage gap at median","2006","2006",,,"0","Units",,,18.604651163,,
"MEX","Mexico","MW","All persons","GWG5","Gender wage gap at median","2007","2007",,,"0","Units",,,12.5,,
"MEX","Mexico","MW","All persons","GWG5","Gender wage gap at median","2008","2008",,,"0","Units",,,22.222222222,,
"MEX","Mexico","MW","All persons","GWG5","Gender wage gap at median","2009","2009",,,"0","Units",,,16.666666667,,
"MEX","Mexico","MW","All persons","GWG5","Gender wage gap at median","2010","2010",,,"0","Units",,,11.627906977,,
"MEX","Mexico","MW","All persons","GWG5","Gender wage gap at median","2011","2011",,,"0","Units",,,10,,
"MEX","Mexico","MW","All persons","GWG5","Gender wage gap at median","2012","2012",,,"0","Units",,,13.555555556,,
"MEX","Mexico","MW","All persons","GWG5","Gender wage gap at median","2013","2013",,,"0","Units",,,15.433403805,,
"MEX","Mexico","MW","All persons","GWG5","Gender wage gap at median","2014","2014",,,"0","Units",,,18.3,,
"MEX","Mexico","MW","All persons","GWG5","Gender wage gap at median","2015","2015",,,"0","Units",,,16.666666667,,
"MEX","Mexico","MW","All persons","GWG5","Gender wage gap at median","2016","2016",,,"0","Units",,,16.492248062,,
"MEX","Mexico","MW","All persons","GWG5","Gender wage gap at median","2017","2017",,,"0","Units",,,11.111111111,,
"MEX","Mexico","MW","All persons","GWG5","Gender wage gap at median","2018","2018",,,"0","Units",,,14,,
"MEX","Mexico","MW","All persons","GWG5","Gender wage gap at median","2019","2019",,,"0","Units",,,18.75,,
"MEX","Mexico","MW","All persons","GWG5","Gender wage gap at median","2020","2020",,,"0","Units",,,9.6124031008,,
"CAN","Canada","MW","All persons","GWG5","Gender wage gap at median","2000","2000",,,"0","Units",,,23.875,,
"CAN","Canada","MW","All persons","GWG5","Gender wage gap at median","2001","2001",,,"0","Units",,,24.324579125,,
"CAN","Canada","MW","All persons","GWG5","Gender wage gap at median","2002","2002",,,"0","Units",,,24.013157895,,
"CAN","Canada","MW","All persons","GWG5","Gender wage gap at median","2003","2003",,,"0","Units",,,22.502340337,,
"CAN","Canada","MW","All persons","GWG5","Gender wage gap at median","2004","2004",,,"0","Units",,,22.717948718,,
"CAN","Canada","MW","All persons","GWG5","Gender wage gap at median","2005","2005",,,"0","Units",,,21.25,,
"CAN","Canada","MW","All persons","GWG5","Gender wage gap at median","2006","2006",,,"0","Units",,,21.123321123,,
"CAN","Canada","MW","All persons","GWG5","Gender wage gap at median","2007","2007",,,"0","Units",,,20.808235294,,
"CAN","Canada","MW","All persons","GWG5","Gender wage gap at median","2008","2008",,,"0","Units",,,20.454545455,,
"CAN","Canada","MW","All persons","GWG5","Gender wage gap at median","2009","2009",,,"0","Units",,,20.131868132,,
"CAN","Canada","MW","All persons","GWG5","Gender wage gap at median","2010","2010",,,"0","Units",,,18.977469671,,
"CAN","Canada","MW","All persons","GWG5","Gender wage gap at median","2011","2011",,,"0","Units",,,19.175531915,,
"CAN","Canada","MW","All persons","GWG5","Gender wage gap at median","2012","2012",,,"0","Units",,,19.511231281,,
"CAN","Canada","MW","All persons","GWG5","Gender wage gap at median","2013","2013",,,"0","Units",,,19.30323498,,
"CAN","Canada","MW","All persons","GWG5","Gender wage gap at median","2014","2014",,,"0","Units",,,19.229,,
"CAN","Canada","MW","All persons","GWG5","Gender wage gap at median","2015","2015",,,"0","Units",,,18.62745098,,
"CAN","Canada","MW","All persons","GWG5","Gender wage gap at median","2016","2016",,,"0","Units",,,18.221153846,,
"CAN","Canada","MW","All persons","GWG5","Gender wage gap at median","2017","2017",,,"0","Units",,,18.17322239,,
"CAN","Canada","MW","All persons","GWG5","Gender wage gap at median","2018","2018",,,"0","Units",,,18.518518519,,
"CAN","Canada","MW","All persons","GWG5","Gender wage gap at median","2019","2019",,,"0","Units",,,17.607142857,,
"CAN","Canada","MW","All persons","GWG5","Gender wage gap at median","2020","2020",,,"0","Units",,,16.112531969,,
"ITA","Italy","MW","All persons","GWG5","Gender wage gap at median","2002","2002",,,"0","Units",,,15.725101922,,
"ITA","Italy","MW","All persons","GWG5","Gender wage gap at median","2006","2006",,,"0","Units",,,10.512820513,,
"ITA","Italy","MW","All persons","GWG5","Gender wage gap at median","2010","2010",,,"0","Units",,,5.6405353728,,
"ITA","Italy","MW","All persons","GWG5","Gender wage gap at median","2014","2014",,,"0","Units",,,6.5847234416,,
"ITA","Italy","MW","All persons","GWG5","Gender wage gap at median","2018","2018",,,"0","Units",,,5.7080610022,,
"ITA","Italy","MW","All persons","GWG5","Gender wage gap at median","2019","2019",,,"0","Units",,,7.6401524596,,
"FIN","Finland","MW","All persons","GWG5","Gender wage gap at median","2000","2000",,,"0","Units",,,20.427489177,,
"FIN","Finland","MW","All persons","GWG5","Gender wage gap at median","2001","2001",,,"0","Units",,,21.239091287,,
"FIN","Finland","MW","All persons","GWG5","Gender wage gap at median","2002","2002",,,"0","Units",,,20.373202814,,
"FIN","Finland","MW","All persons","GWG5","Gender wage gap at median","2003","2003",,,"0","Units",,,20.099255583,,
"FIN","Finland","MW","All persons","GWG5","Gender wage gap at median","2004","2004",,,"0","Units",,,20.015151037,,
"FIN","Finland","MW","All persons","GWG5","Gender wage gap at median","2005","2005",,,"0","Units",,,18.941694033,,
"FIN","Finland","MW","All persons","GWG5","Gender wage gap at median","2006","2006",,,"0","Units",,,19.374794537,,
"FIN","Finland","MW","All persons","GWG5","Gender wage gap at median","2007","2007",,,"0","Units",,,21.376904093,,
"FIN","Finland","MW","All persons","GWG5","Gender wage gap at median","2008","2008",,,"0","Units",,,21.233952657,,
"FIN","Finland","MW","All persons","GWG5","Gender wage gap at median","2009","2009",,,"0","Units",,,19.675672792,,
"FIN","Finland","MW","All persons","GWG5","Gender wage gap at median","2010","2010",,,"0","Units",,,18.876999846,,
"FIN","Finland","MW","All persons","GWG5","Gender wage gap at median","2011","2011",,,"0","Units",,,18.607617095,,
"FIN","Finland","MW","All persons","GWG5","Gender wage gap at median","2012","2012",,,"0","Units",,,18.726074526,,
"FIN","Finland","MW","All persons","GWG5","Gender wage gap at median","2013","2013",,,"0","Units",,,20.178432711,,
"FIN","Finland","MW","All persons","GWG5","Gender wage gap at median","2014","2014",,,"0","Units",,,19.609079445,,
"FIN","Finland","MW","All persons","GWG5","Gender wage gap at median","2015","2015",,,"0","Units",,,18.055981324,,
"FIN","Finland","MW","All persons","GWG5","Gender wage gap at median","2016","2016",,,"0","Units",,,16.47225837,,
"FIN","Finland","MW","All persons","GWG5","Gender wage gap at median","2017","2017",,,"0","Units",,,17.717920638,,
"FIN","Finland","MW","All persons","GWG5","Gender wage gap at median","2018","2018",,,"0","Units",,,18.855203722,,
"FIN","Finland","MW","All persons","GWG5","Gender wage gap at median","2019","2019",,,"0","Units",,,17.159829635,,
"SWE","Sweden","MW","All persons","GWG5","Gender wage gap at median","2000","2000",,,"0","Units",,,12.371134021,,
"SWE","Sweden","MW","All persons","GWG5","Gender wage gap at median","2001","2001",,,"0","Units",,,12.376237624,,
"SWE","Sweden","MW","All persons","GWG5","Gender wage gap at median","2002","2002",,,"0","Units",,,11.904761905,,
"SWE","Sweden","MW","All persons","GWG5","Gender wage gap at median","2003","2003",,,"0","Units",,,11.520737327,,
"SWE","Sweden","MW","All persons","GWG5","Gender wage gap at median","2004","2004",,,"0","Units",,,10.762331839,,
"SWE","Sweden","MW","All persons","GWG5","Gender wage gap at median","2005","2005",,,"0","Units",,,11.304347826,,
"SWE","Sweden","MW","All persons","GWG5","Gender wage gap at median","2006","2006",,,"0","Units",,,11.016949153,,
"SWE","Sweden","MW","All persons","GWG5","Gender wage gap at median","2007","2007",,,"0","Units",,,11.836734694,,
"SWE","Sweden","MW","All persons","GWG5","Gender wage gap at median","2008","2008",,,"0","Units",,,10.588235294,,
"SWE","Sweden","MW","All persons","GWG5","Gender wage gap at median","2009","2009",,,"0","Units",,,9.5419847328,,
"SWE","Sweden","MW","All persons","GWG5","Gender wage gap at median","2010","2010",,,"0","Units",,,9.3632958801,,
"SWE","Sweden","MW","All persons","GWG5","Gender wage gap at median","2011","2011",,,"0","Units",,,9.1575091575,,
"SWE","Sweden","MW","All persons","GWG5","Gender wage gap at median","2012","2012",,,"0","Units",,,9.2857142857,,
"SWE","Sweden","MW","All persons","GWG5","Gender wage gap at median","2013","2013",,,"0","Units",,,9.375,,
"SWE","Sweden","MW","All persons","GWG5","Gender wage gap at median","2014","2014",,,"0","Units",,,9.1525423729,,
"SWE","Sweden","MW","All persons","GWG5","Gender wage gap at median","2015","2015",,,"0","Units",,,8.3333333333,,
"SWE","Sweden","MW","All persons","GWG5","Gender wage gap at median","2016","2016",,,"0","Units",,,8.1699346405,,
"SWE","Sweden","MW","All persons","GWG5","Gender wage gap at median","2017","2017",,,"0","Units",,,7.3482428115,,
"SWE","Sweden","MW","All persons","GWG5","Gender wage gap at median","2018","2018",,,"0","Units",,,7.1428571429,,
"SWE","Sweden","MW","All persons","GWG5","Gender wage gap at median","2019","2019",,,"0","Units",,,7.5757575758,,
"SWE","Sweden","MW","All persons","GWG5","Gender wage gap at median","2020","2020",,,"0","Units",,,7.4183976261,,
"SVN","Slovenia","MW","All persons","GWG5","Gender wage gap at median","2002","2002",,,"0","Units",,,9.3588840675,,
"SVN","Slovenia","MW","All persons","GWG5","Gender wage gap at median","2006","2006",,,"0","Units",,,6.5573770492,,
"SVN","Slovenia","MW","All persons","GWG5","Gender wage gap at median","2010","2010",,,"0","Units",,,0.9917355372,,
"SVN","Slovenia","MW","All persons","GWG5","Gender wage gap at median","2014","2014",,,"0","Units",,,4.9962714392,,
"SVN","Slovenia","MW","All persons","GWG5","Gender wage gap at median","2018","2018",,,"0","Units",,,8.1945369753,,
"FRA","France","MW","All persons","GWG5","Gender wage gap at median","2002","2002",,,"0","Units",,,13.30472103,,
"FRA","France","MW","All persons","GWG5","Gender wage gap at median","2006","2006",,,"0","Units",,,9.3907466789,,
"FRA","France","MW","All persons","GWG5","Gender wage gap at median","2010","2010",,,"0","Units",,,9.1188075406,,
"FRA","France","MW","All persons","GWG5","Gender wage gap at median","2014","2014",,,"0","Units",,,9.8721023181,,
"FRA","France","MW","All persons","GWG5","Gender wage gap at median","2018","2018",,,"0","Units",,,11.823802164,,
"EST","Estonia","MW","All persons","GWG5","Gender wage gap at median","2010","2010",,,"0","Units",,,23.494800731,,
"EST","Estonia","MW","All persons","GWG5","Gender wage gap at median","2014","2014",,,"0","Units",,,22.888015717,,
"EST","Estonia","MW","All persons","GWG5","Gender wage gap at median","2018","2018",,,"0","Units",,,17.318435754,,
"CHL","Chile","MW","All persons","GWG5","Gender wage gap at median","2000","2000",,,"0","Units",,,6.0729,,
"CHL","Chile","MW","All persons","GWG5","Gender wage gap at median","2003","2003",,,"0","Units",,,1.6831838918,,
"CHL","Chile","MW","All persons","GWG5","Gender wage gap at median","2006","2006",,,"0","Units",,,5.5555555556,,
"CHL","Chile","MW","All persons","GWG5","Gender wage gap at median","2009","2009",,,"0","Units",,,9.0909090909,,
"CHL","Chile","MW","All persons","GWG5","Gender wage gap at median","2011","2011",,,"0","Units",,,16,,
"CHL","Chile","MW","All persons","GWG5","Gender wage gap at median","2013","2013",,,"0","Units",,,10.666666667,,
"CHL","Chile","MW","All persons","GWG5","Gender wage gap at median","2015","2015",,,"0","Units",,,14.285714286,,
"CHL","Chile","MW","All persons","GWG5","Gender wage gap at median","2017","2017",,,"0","Units",,,12.5,,
"CHL","Chile","MW","All persons","GWG5","Gender wage gap at median","2020","2020",,,"0","Units",,,8.5964583333,,
"COL","Colombia","MW","All persons","GWG5","Gender wage gap at median","2007","2007",,,"0","Units",,,1.3393170184,,
"COL","Colombia","MW","All persons","GWG5","Gender wage gap at median","2008","2008",,,"0","Units",,,1.7396907216,,
"COL","Colombia","MW","All persons","GWG5","Gender wage gap at median","2009","2009",,,"0","Units",,,3.3846751713,,
"COL","Colombia","MW","All persons","GWG5","Gender wage gap at median","2010","2010",,,"0","Units",,,6.4305555556,,
"COL","Colombia","MW","All persons","GWG5","Gender wage gap at median","2011","2011",,,"0","Units",,,3.5348084188,,
"COL","Colombia","MW","All persons","GWG5","Gender wage gap at median","2012","2012",,,"0","Units",,,8.1979467756,,
"COL","Colombia","MW","All persons","GWG5","Gender wage gap at median","2013","2013",,,"0","Units",,,7.1428571429,,
"COL","Colombia","MW","All persons","GWG5","Gender wage gap at median","2014","2014",,,"0","Units",,,9.6,,
"COL","Colombia","MW","All persons","GWG5","Gender wage gap at median","2015","2015",,,"0","Units",,,11.141715728,,
"COL","Colombia","MW","All persons","GWG5","Gender wage gap at median","2016","2016",,,"0","Units",,,7.0917506686,,
"COL","Colombia","MW","All persons","GWG5","Gender wage gap at median","2017","2017",,,"0","Units",,,7.6923076923,,
"COL","Colombia","MW","All persons","GWG5","Gender wage gap at median","2018","2018",,,"0","Units",,,5.7879259259,,
"COL","Colombia","MW","All persons","GWG5","Gender wage gap at median","2019","2019",,,"0","Units",,,4,,
"ROU","Romania","MW","All persons","GWG5","Gender wage gap at median","2002","2002",,,"0","Units",,,16.160990712,,
"ROU","Romania","MW","All persons","GWG5","Gender wage gap at median","2006","2006",,,"0","Units",,,8.3969465649,,
"ROU","Romania","MW","All persons","GWG5","Gender wage gap at median","2010","2010",,,"0","Units",,,9.6317280453,,
"ROU","Romania","MW","All persons","GWG5","Gender wage gap at median","2014","2014",,,"0","Units",,,1.5463917526,,
"ROU","Romania","MW","All persons","GWG5","Gender wage gap at median","2018","2018",,,"0","Units",,,3.4965034965,,
"LTU","Lithuania","MW","All persons","GWG5","Gender wage gap at median","2002","2002",,,"0","Units",,,15.083743188,,
"LTU","Lithuania","MW","All persons","GWG5","Gender wage gap at median","2006","2006",,,"0","Units",,,16.818181818,,
"LTU","Lithuania","MW","All persons","GWG5","Gender wage gap at median","2010","2010",,,"0","Units",,,10.642570281,,
"LTU","Lithuania","MW","All persons","GWG5","Gender wage gap at median","2014","2014",,,"0","Units",,,12.479740681,,
"LTU","Lithuania","MW","All persons","GWG5","Gender wage gap at median","2018","2018",,,"0","Units",,,11.689814815,,
"ESP","Spain","MW","All persons","GWG5","Gender wage gap at median","2002","2002",,,"0","Units",,,17.161961367,,
"ESP","Spain","MW","All persons","GWG5","Gender wage gap at median","2006","2006",,,"0","Units",,,13.533333333,,
"ESP","Spain","MW","All persons","GWG5","Gender wage gap at median","2010","2010",,,"0","Units",,,13.504464286,,
"ESP","Spain","MW","All persons","GWG5","Gender wage gap at median","2014","2014",,,"0","Units",,,11.540497618,,
"ESP","Spain","MW","All persons","GWG5","Gender wage gap at median","2018","2018",,,"0","Units",,,8.6216072379,,
"LUX","Luxembourg","MW","All persons","GWG5","Gender wage gap at median","2002","2002",,,"0","Units",,,15.088529638,,
"LUX","Luxembourg","MW","All persons","GWG5","Gender wage gap at median","2006","2006",,,"0","Units",,,7.6680672269,,
"LUX","Luxembourg","MW","All persons","GWG5","Gender wage gap at median","2010","2010",,,"0","Units",,,4.5921644188,,
"LUX","Luxembourg","MW","All persons","GWG5","Gender wage gap at median","2014","2014",,,"0","Units",,,3.4029167858,,
"POL","Poland","MW","All persons","GWG5","Gender wage gap at median","2001","2001",,,"0","Units",,,14.299742455,,
"POL","Poland","MW","All persons","GWG5","Gender wage gap at median","2002","2002",,,"0","Units",,,11.315955411,,
"POL","Poland","MW","All persons","GWG5","Gender wage gap at median","2004","2004",,,"0","Units",,,10.638848907,,
"POL","Poland","MW","All persons","GWG5","Gender wage gap at median","2006","2006",,,"0","Units",,,11.440420483,,
"POL","Poland","MW","All persons","GWG5","Gender wage gap at median","2008","2008",,,"0","Units",,,12.993822243,,
"POL","Poland","MW","All persons","GWG5","Gender wage gap at median","2010","2010",,,"0","Units",,,7.1902070437,,
"POL","Poland","MW","All persons","GWG5","Gender wage gap at median","2012","2012",,,"0","Units",,,10.620155274,,
"POL","Poland","MW","All persons","GWG5","Gender wage gap at median","2014","2014",,,"0","Units",,,11.07286288,,
"POL","Poland","MW","All persons","GWG5","Gender wage gap at median","2016","2016",,,"0","Units",,,9.4178809362,,
"POL","Poland","MW","All persons","GWG5","Gender wage gap at median","2018","2018",,,"0","Units",,,11.497909952,,
"POL","Poland","MW","All persons","GWG5","Gender wage gap at median","2020","2020",,,"0","Units",,,8.6906141367,,
"JPN","Japan","MW","All persons","GWG5","Gender wage gap at median","2000","2000",,,"0","Units",,,33.85930309,,
"JPN","Japan","MW","All persons","GWG5","Gender wage gap at median","2001","2001",,,"0","Units",,,33.864671438,,
"JPN","Japan","MW","All persons","GWG5","Gender wage gap at median","2002","2002",,,"0","Units",,,32.529722589,,
"JPN","Japan","MW","All persons","GWG5","Gender wage gap at median","2003","2003",,,"0","Units",,,31.997350116,,
"JPN","Japan","MW","All persons","GWG5","Gender wage gap at median","2004","2004",,,"0","Units",,,31.087391594,,
"JPN","Japan","MW","All persons","GWG5","Gender wage gap at median","2005","2005",,,"0","Units",,,32.825438887,,
"JPN","Japan","MW","All persons","GWG5","Gender wage gap at median","2006","2006",,,"0","Units",,,32.980832783,,
"JPN","Japan","MW","All persons","GWG5","Gender wage gap at median","2007","2007",,,"0","Units",,,31.742323097,,
"JPN","Japan","MW","All persons","GWG5","Gender wage gap at median","2008","2008",,,"0","Units",,,30.694397853,,
"JPN","Japan","MW","All persons","GWG5","Gender wage gap at median","2009","2009",,,"0","Units",,,28.284923928,,
"JPN","Japan","MW","All persons","GWG5","Gender wage gap at median","2010","2010",,,"0","Units",,,28.684300928,,
"JPN","Japan","MW","All persons","GWG5","Gender wage gap at median","2011","2011",,,"0","Units",,,27.395364926,,
"JPN","Japan","MW","All persons","GWG5","Gender wage gap at median","2012","2012",,,"0","Units",,,26.523545706,,
"JPN","Japan","MW","All persons","GWG5","Gender wage gap at median","2013","2013",,,"0","Units",,,26.587578507,,
"JPN","Japan","MW","All persons","GWG5","Gender wage gap at median","2014","2014",,,"0","Units",,,25.870989997,,
"JPN","Japan","MW","All persons","GWG5","Gender wage gap at median","2015","2015",,,"0","Units",,,25.731790334,,
"JPN","Japan","MW","All persons","GWG5","Gender wage gap at median","2016","2016",,,"0","Units",,,24.601289447,,
"JPN","Japan","MW","All persons","GWG5","Gender wage gap at median","2017","2017",,,"0","Units",,,24.518092661,,
"JPN","Japan","MW","All persons","GWG5","Gender wage gap at median","2018","2018",,,"0","Units",,,23.537368955,,
"JPN","Japan","MW","All persons","GWG5","Gender wage gap at median","2019","2019",,,"0","Units",,,23.480013436,,
"JPN","Japan","MW","All persons","GWG5","Gender wage gap at median","2020","2020",,,"0","Units",,,22.518568535,,
"GBR","United Kingdom","MW","All persons","GWG5","Gender wage gap at median","2000","2000",,,"0","Units",,,26.280313829,,
"GBR","United Kingdom","MW","All persons","GWG5","Gender wage gap at median","2001","2001",,,"0","Units",,,25.639645899,,
"GBR","United Kingdom","MW","All persons","GWG5","Gender wage gap at median","2002","2002",,,"0","Units",,,24.379099435,,
"GBR","United Kingdom","MW","All persons","GWG5","Gender wage gap at median","2003","2003",,,"0","Units",,,24.124467087,,
"GBR","United Kingdom","MW","All persons","GWG5","Gender wage gap at median","2004","2004",,,"0","Units",,,23.358740969,,
"GBR","United Kingdom","MW","All persons","GWG5","Gender wage gap at median","2005","2005",,,"0","Units",,,22.0639582,,
"GBR","United Kingdom","MW","All persons","GWG5","Gender wage gap at median","2006","2006",,,"0","Units",,,21.718084024,,
"GBR","United Kingdom","MW","All persons","GWG5","Gender wage gap at median","2007","2007",,,"0","Units",,,21.634780707,,
"GBR","United Kingdom","MW","All persons","GWG5","Gender wage gap at median","2008","2008",,,"0","Units",,,21.857869108,,
"GBR","United Kingdom","MW","All persons","GWG5","Gender wage gap at median","2009","2009",,,"0","Units",,,20.686295954,,
"GBR","United Kingdom","MW","All persons","GWG5","Gender wage gap at median","2010","2010",,,"0","Units",,,19.231436918,,
"GBR","United Kingdom","MW","All persons","GWG5","Gender wage gap at median","2011","2011",,,"0","Units",,,18.246005203,,
"GBR","United Kingdom","MW","All persons","GWG5","Gender wage gap at median","2012","2012",,,"0","Units",,,17.783882784,,
"GBR","United Kingdom","MW","All persons","GWG5","Gender wage gap at median","2013","2013",,,"0","Units",,,17.482014388,,
"GBR","United Kingdom","MW","All persons","GWG5","Gender wage gap at median","2014","2014",,,"0","Units",,,17.382742571,,
"GBR","United Kingdom","MW","All persons","GWG5","Gender wage gap at median","2015","2015",,,"0","Units",,,17.101551481,,
"GBR","United Kingdom","MW","All persons","GWG5","Gender wage gap at median","2016","2016",,,"0","Units",,,16.796536797,,
"GBR","United Kingdom","MW","All persons","GWG5","Gender wage gap at median","2017","2017",,,"0","Units",,,16.534100525,,
"GBR","United Kingdom","MW","All persons","GWG5","Gender wage gap at median","2018","2018",,,"0","Units",,,16.310424203,,
"GBR","United Kingdom","MW","All persons","GWG5","Gender wage gap at median","2019","2019",,,"0","Units",,,16.099809282,,
"GBR","United Kingdom","MW","All persons","GWG5","Gender wage gap at median","2020","2020",,,"0","Units",,,12.277867528,,
"BEL","Belgium","MW","All persons","GWG5","Gender wage gap at median","2000","2000",,,"0","Units",,,13.599231139,,
"BEL","Belgium","MW","All persons","GWG5","Gender wage gap at median","2001","2001",,,"0","Units",,,13.186813187,,
"BEL","Belgium","MW","All persons","GWG5","Gender wage gap at median","2002","2002",,,"0","Units",,,11.604714415,,
"BEL","Belgium","MW","All persons","GWG5","Gender wage gap at median","2003","2003",,,"0","Units",,,15.205183585,,
"BEL","Belgium","MW","All persons","GWG5","Gender wage gap at median","2004","2004",,,"0","Units",,,11.832061069,,
"BEL","Belgium","MW","All persons","GWG5","Gender wage gap at median","2005","2005",,,"0","Units",,,11.511092507,,
"BEL","Belgium","MW","All persons","GWG5","Gender wage gap at median","2006","2006",,,"0","Units",,,10.253267974,,
"BEL","Belgium","MW","All persons","GWG5","Gender wage gap at median","2007","2007",,,"0","Units",,,9.8736176935,,
"BEL","Belgium","MW","All persons","GWG5","Gender wage gap at median","2008","2008",,,"0","Units",,,8.9157536834,,
"BEL","Belgium","MW","All persons","GWG5","Gender wage gap at median","2009","2009",,,"0","Units",,,7.4804614812,,
"BEL","Belgium","MW","All persons","GWG5","Gender wage gap at median","2010","2010",,,"0","Units",,,7.0437956204,,
"BEL","Belgium","MW","All persons","GWG5","Gender wage gap at median","2011","2011",,,"0","Units",,,5.8381088825,,
"BEL","Belgium","MW","All persons","GWG5","Gender wage gap at median","2012","2012",,,"0","Units",,,6.4111498258,,
"BEL","Belgium","MW","All persons","GWG5","Gender wage gap at median","2013","2013",,,"0","Units",,,5.9128630705,,
"BEL","Belgium","MW","All persons","GWG5","Gender wage gap at median","2014","2014",,,"0","Units",,,3.2989003665,,
"BEL","Belgium","MW","All persons","GWG5","Gender wage gap at median","2015","2015",,,"0","Units",,,4.672,,
"BEL","Belgium","MW","All persons","GWG5","Gender wage gap at median","2016","2016",,,"0","Units",,,3.7012987013,,
"BEL","Belgium","MW","All persons","GWG5","Gender wage gap at median","2017","2017",,,"0","Units",,,4.1902961563,,
"BEL","Belgium","MW","All persons","GWG5","Gender wage gap at median","2018","2018",,,"0","Units",,,3.4087569791,,
"BEL","Belgium","MW","All persons","GWG5","Gender wage gap at median","2019","2019",,,"0","Units",,,3.798185941,,
"HUN","Hungary","MW","All persons","GWG5","Gender wage gap at median","2000","2000",,,"0","Units",,,14.098768043,,
"HUN","Hungary","MW","All persons","GWG5","Gender wage gap at median","2001","2001",,,"0","Units",,,13.689781486,,
"HUN","Hungary","MW","All persons","GWG5","Gender wage gap at median","2002","2002",,,"0","Units",,,9.1297122935,,
"HUN","Hungary","MW","All persons","GWG5","Gender wage gap at median","2003","2003",,,"0","Units",,,1.4760044902,,
"HUN","Hungary","MW","All persons","GWG5","Gender wage gap at median","2004","2004",,,"0","Units",,,3.0343737653,,
"HUN","Hungary","MW","All persons","GWG5","Gender wage gap at median","2005","2005",,,"0","Units",,,4.0215265743,,
"HUN","Hungary","MW","All persons","GWG5","Gender wage gap at median","2006","2006",,,"0","Units",,,0.3843870359,,
"HUN","Hungary","MW","All persons","GWG5","Gender wage gap at median","2007","2007",,,"0","Units",,,3.6481061267,,
"HUN","Hungary","MW","All persons","GWG5","Gender wage gap at median","2008","2008",,,"0","Units",,,2.2206544601,,
"HUN","Hungary","MW","All persons","GWG5","Gender wage gap at median","2009","2009",,,"0","Units",,,3.8760880696,,
"HUN","Hungary","MW","All persons","GWG5","Gender wage gap at median","2010","2010",,,"0","Units",,,6.3817122518,,
"HUN","Hungary","MW","All persons","GWG5","Gender wage gap at median","2011","2011",,,"0","Units",,,6.8639053254,,
"HUN","Hungary","MW","All persons","GWG5","Gender wage gap at median","2012","2012",,,"0","Units",,,11.332462443,,
"HUN","Hungary","MW","All persons","GWG5","Gender wage gap at median","2013","2013",,,"0","Units",,,8.7236506348,,
"HUN","Hungary","MW","All persons","GWG5","Gender wage gap at median","2014","2014",,,"0","Units",,,3.7726055271,,
"HUN","Hungary","MW","All persons","GWG5","Gender wage gap at median","2015","2015",,,"0","Units",,,9.5238095238,,
"HUN","Hungary","MW","All persons","GWG5","Gender wage gap at median","2016","2016",,,"0","Units",,,9.3643171806,,
"HUN","Hungary","MW","All persons","GWG5","Gender wage gap at median","2017","2017",,,"0","Units",,,5.3202686547,,
"HUN","Hungary","MW","All persons","GWG5","Gender wage gap at median","2018","2018",,,"0","Units",,,5.0632142857,,
"HUN","Hungary","MW","All persons","GWG5","Gender wage gap at median","2019","2019",,,"0","Units",,,12.753673197,,
"HUN","Hungary","MW","All persons","GWG5","Gender wage gap at median","2020","2020",,,"0","Units",,,9.9269913488,,
"NOR","Norway","MW","All persons","GWG5","Gender wage gap at median","2000","2000",,,"0","Units",,,9.225413403,,
"NOR","Norway","MW","All persons","GWG5","Gender wage gap at median","2001","2001",,,"0","Units",,,9.7875885048,,
"NOR","Norway","MW","All persons","GWG5","Gender wage gap at median","2002","2002",,,"0","Units",,,9.690074539,,
"NOR","Norway","MW","All persons","GWG5","Gender wage gap at median","2003","2003",,,"0","Units",,,9.3297791318,,
"NOR","Norway","MW","All persons","GWG5","Gender wage gap at median","2004","2004",,,"0","Units",,,8.4496693608,,
"NOR","Norway","MW","All persons","GWG5","Gender wage gap at median","2005","2005",,,"0","Units",,,8.6243763364,,
"NOR","Norway","MW","All persons","GWG5","Gender wage gap at median","2006","2006",,,"0","Units",,,8.210742388,,
"NOR","Norway","MW","All persons","GWG5","Gender wage gap at median","2007","2007",,,"0","Units",,,8.7894397939,,
"NOR","Norway","MW","All persons","GWG5","Gender wage gap at median","2008","2008",,,"0","Units",,,8.7575757576,,
"NOR","Norway","MW","All persons","GWG5","Gender wage gap at median","2009","2009",,,"0","Units",,,8.2843713278,,
"NOR","Norway","MW","All persons","GWG5","Gender wage gap at median","2010","2010",,,"0","Units",,,7.2360953462,,
"NOR","Norway","MW","All persons","GWG5","Gender wage gap at median","2011","2011",,,"0","Units",,,7.1448124829,,
"NOR","Norway","MW","All persons","GWG5","Gender wage gap at median","2012","2012",,,"0","Units",,,5.7921184872,,
"NOR","Norway","MW","All persons","GWG5","Gender wage gap at median","2013","2013",,,"0","Units",,,6.5970453388,,
"NOR","Norway","MW","All persons","GWG5","Gender wage gap at median","2014","2014",,,"0","Units",,,5.8006941001,,
"NOR","Norway","MW","All persons","GWG5","Gender wage gap at median","2015","2015",,,"0","Units",,,6.9577735125,,
"NOR","Norway","MW","All persons","GWG5","Gender wage gap at median","2016","2016",,,"0","Units",,,6.3063063063,,
"NOR","Norway","MW","All persons","GWG5","Gender wage gap at median","2017","2017",,,"0","Units",,,5.4947613504,,
"NOR","Norway","MW","All persons","GWG5","Gender wage gap at median","2018","2018",,,"0","Units",,,5.1293690422,,
"NOR","Norway","MW","All persons","GWG5","Gender wage gap at median","2019","2019",,,"0","Units",,,4.3678665496,,
"NOR","Norway","MW","All persons","GWG5","Gender wage gap at median","2020","2020",,,"0","Units",,,4.8138639281,,
"MLT","Malta","MW","All persons","GWG5","Gender wage gap at median","2002","2002",,,"0","Units",,,13.555733265,,
"MLT","Malta","MW","All persons","GWG5","Gender wage gap at median","2006","2006",,,"0","Units",,,7.4407195421,,
"MLT","Malta","MW","All persons","GWG5","Gender wage gap at median","2010","2010",,,"0","Units",,,7.0678796361,,
"MLT","Malta","MW","All persons","GWG5","Gender wage gap at median","2014","2014",,,"0","Units",,,8.9894606324,,
"MLT","Malta","MW","All persons","GWG5","Gender wage gap at median","2018","2018",,,"0","Units",,,11.09375,,
"HRV","Croatia","MW","All persons","GWG5","Gender wage gap at median","2010","2010",,,"0","Units",,,3.8323353293,,
"HRV","Croatia","MW","All persons","GWG5","Gender wage gap at median","2018","2018",,,"0","Units",,,7.9150579151,,
"HRV","Croatia","MW","All persons","GWG5","Gender wage gap at median","2019","2019",,,"0","Units",,,7.5748522944,,
"HRV","Croatia","MW","All persons","GWG5","Gender wage gap at median","2020","2020",,,"0","Units",,,12.452988903,,
"SVK","Slovak Republic","MW","All persons","GWG5","Gender wage gap at median","2002","2002",,,"0","Units",,,20.355160932,,
"SVK","Slovak Republic","MW","All persons","GWG5","Gender wage gap at median","2003","2003",,,"0","Units",,,20.689655172,,
"SVK","Slovak Republic","MW","All persons","GWG5","Gender wage gap at median","2004","2004",,,"0","Units",,,20.88376561,,
"SVK","Slovak Republic","MW","All persons","GWG5","Gender wage gap at median","2005","2005",,,"0","Units",,,20.099255583,,
"SVK","Slovak Republic","MW","All persons","GWG5","Gender wage gap at median","2006","2006",,,"0","Units",,,17.802768166,,
"SVK","Slovak Republic","MW","All persons","GWG5","Gender wage gap at median","2007","2007",,,"0","Units",,,17.521704815,,
"SVK","Slovak Republic","MW","All persons","GWG5","Gender wage gap at median","2008","2008",,,"0","Units",,,16.444769568,,
"SVK","Slovak Republic","MW","All persons","GWG5","Gender wage gap at median","2009","2009",,,"0","Units",,,16.432721259,,
"SVK","Slovak Republic","MW","All persons","GWG5","Gender wage gap at median","2010","2010",,,"0","Units",,,14.851117649,,
"SVK","Slovak Republic","MW","All persons","GWG5","Gender wage gap at median","2011","2011",,,"0","Units",,,15.449856429,,
"SVK","Slovak Republic","MW","All persons","GWG5","Gender wage gap at median","2012","2012",,,"0","Units",,,15.965269161,,
"SVK","Slovak Republic","MW","All persons","GWG5","Gender wage gap at median","2013","2013",,,"0","Units",,,14.109329757,,
"SVK","Slovak Republic","MW","All persons","GWG5","Gender wage gap at median","2014","2014",,,"0","Units",,,14.350047529,,
"SVK","Slovak Republic","MW","All persons","GWG5","Gender wage gap at median","2015","2015",,,"0","Units",,,13.376624885,,
"SVK","Slovak Republic","MW","All persons","GWG5","Gender wage gap at median","2016","2016",,,"0","Units",,,13.899182143,,
"SVK","Slovak Republic","MW","All persons","GWG5","Gender wage gap at median","2017","2017",,,"0","Units",,,15.040042332,,
"SVK","Slovak Republic","MW","All persons","GWG5","Gender wage gap at median","2018","2018",,,"0","Units",,,15.662080133,,
"SVK","Slovak Republic","MW","All persons","GWG5","Gender wage gap at median","2019","2019",,,"0","Units",,,13.869849949,,
"SVK","Slovak Republic","MW","All persons","GWG5","Gender wage gap at median","2020","2020",,,"0","Units",,,11.014467821,,
"IRL","Ireland","MW","All persons","GWG5","Gender wage gap at median","2002","2002",,,"0","Units",,,17.769038255,,
"IRL","Ireland","MW","All persons","GWG5","Gender wage gap at median","2006","2006",,,"0","Units",,,19.602019602,,
"IRL","Ireland","MW","All persons","GWG5","Gender wage gap at median","2010","2010",,,"0","Units",,,14.345864662,,
"IRL","Ireland","MW","All persons","GWG5","Gender wage gap at median","2014","2014",,,"0","Units",,,10.606060606,,
"IRL","Ireland","MW","All persons","GWG5","Gender wage gap at median","2018","2018",,,"0","Units",,,8.2840236686,,
"IRL","Ireland","MW","All persons","GWG5","Gender wage gap at median","2019","2019",,,"0","Units",,,5.1720074558,,
"LVA","Latvia","MW","All persons","GWG5","Gender wage gap at median","2002","2002",,,"0","Units",,,18.919555573,,
"LVA","Latvia","MW","All persons","GWG5","Gender wage gap at median","2006","2006",,,"0","Units",,,8.4656084656,,
"LVA","Latvia","MW","All persons","GWG5","Gender wage gap at median","2010","2010",,,"0","Units",,,19.055649241,,
"LVA","Latvia","MW","All persons","GWG5","Gender wage gap at median","2014","2014",,,"0","Units",,,21.122994652,,
"LVA","Latvia","MW","All persons","GWG5","Gender wage gap at median","2018","2018",,,"0","Units",,,20.289855072,,
"KOR","Korea","MW","All persons","GWG5","Gender wage gap at median","2000","2000",,,"0","Units",,,41.654352443,,
"KOR","Korea","MW","All persons","GWG5","Gender wage gap at median","2001","2001",,,"0","Units",,,40.416140488,,
"KOR","Korea","MW","All persons","GWG5","Gender wage gap at median","2002","2002",,,"0","Units",,,41.028512789,,
"KOR","Korea","MW","All persons","GWG5","Gender wage gap at median","2003","2003",,,"0","Units",,,40.083154629,,
"KOR","Korea","MW","All persons","GWG5","Gender wage gap at median","2004","2004",,,"0","Units",,,39.623548252,,
"KOR","Korea","MW","All persons","GWG5","Gender wage gap at median","2005","2005",,,"0","Units",,,39.616632359,,
"KOR","Korea","MW","All persons","GWG5","Gender wage gap at median","2006","2006",,,"0","Units",,,39.774144311,,
"KOR","Korea","MW","All persons","GWG5","Gender wage gap at median","2007","2007",,,"0","Units",,,38.162064282,,
"KOR","Korea","MW","All persons","GWG5","Gender wage gap at median","2008","2008",,,"0","Units",,,39.037441734,,
"KOR","Korea","MW","All persons","GWG5","Gender wage gap at median","2009","2009",,,"0","Units",,,38.614682704,,
"KOR","Korea","MW","All persons","GWG5","Gender wage gap at median","2010","2010",,,"0","Units",,,39.605857342,,
"KOR","Korea","MW","All persons","GWG5","Gender wage gap at median","2011","2011",,,"0","Units",,,36.5642295,,
"KOR","Korea","MW","All persons","GWG5","Gender wage gap at median","2012","2012",,,"0","Units",,,36.298529966,,
"KOR","Korea","MW","All persons","GWG5","Gender wage gap at median","2013","2013",,,"0","Units",,,36.599634369,,
"KOR","Korea","MW","All persons","GWG5","Gender wage gap at median","2014","2014",,,"0","Units",,,36.653176139,,
"KOR","Korea","MW","All persons","GWG5","Gender wage gap at median","2015","2015",,,"0","Units",,,37.176281754,,
"KOR","Korea","MW","All persons","GWG5","Gender wage gap at median","2016","2016",,,"0","Units",,,36.666666667,,
"KOR","Korea","MW","All persons","GWG5","Gender wage gap at median","2017","2017",,,"0","Units",,,34.617382557,,
"KOR","Korea","MW","All persons","GWG5","Gender wage gap at median","2018","2018",,,"0","Units",,,34.107310951,,
"KOR","Korea","MW","All persons","GWG5","Gender wage gap at median","2019","2019",,,"0","Units",,,32.480444715,,
"KOR","Korea","MW","All persons","GWG5","Gender wage gap at median","2020","2020",,,"0","Units",,,31.48475223,,
"TUR","Turkey","MW","All persons","GWG5","Gender wage gap at median","2006","2006",,,"0","Units",,,3.2069970845,,
"TUR","Turkey","MW","All persons","GWG5","Gender wage gap at median","2010","2010",,,"0","Units",,,3.1042128603,,
"TUR","Turkey","MW","All persons","GWG5","Gender wage gap at median","2014","2014",,,"0","Units",,,6.8825910931,,
"TUR","Turkey","MW","All persons","GWG5","Gender wage gap at median","2018","2018",,,"0","Units",,,9.980806142,,
"AUT","Austria","MW","All persons","GWG5","Gender wage gap at median","2000","2000",,,"0","Units",,,23.141943088,,
"AUT","Austria","MW","All persons","GWG5","Gender wage gap at median","2001","2001",,,"0","Units",,,22.801817823,,
"AUT","Austria","MW","All persons","GWG5","Gender wage gap at median","2002","2002",,,"0","Units",,,24.48922362,,
"AUT","Austria","MW","All persons","GWG5","Gender wage gap at median","2003","2003",,,"0","Units",,,21.136921977,,
"AUT","Austria","MW","All persons","GWG5","Gender wage gap at median","2004","2004",,,"0","Units",,,22.430792158,,
"AUT","Austria","MW","All persons","GWG5","Gender wage gap at median","2005","2005",,,"0","Units",,,22.032085753,,
"AUT","Austria","MW","All persons","GWG5","Gender wage gap at median","2006","2006",,,"0","Units",,,21.855130427,,
"AUT","Austria","MW","All persons","GWG5","Gender wage gap at median","2007","2007",,,"0","Units",,,21.634276366,,
"AUT","Austria","MW","All persons","GWG5","Gender wage gap at median","2008","2008",,,"0","Units",,,20.917320274,,
"AUT","Austria","MW","All persons","GWG5","Gender wage gap at median","2009","2009",,,"0","Units",,,19.355965917,,
"AUT","Austria","MW","All persons","GWG5","Gender wage gap at median","2010","2010",,,"0","Units",,,19.188862682,,
"AUT","Austria","MW","All persons","GWG5","Gender wage gap at median","2011","2011",,,"0","Units",,,18.550554118,,
"AUT","Austria","MW","All persons","GWG5","Gender wage gap at median","2012","2012",,,"0","Units",,,18.185056843,,
"AUT","Austria","MW","All persons","GWG5","Gender wage gap at median","2013","2013",,,"0","Units",,,18.053211411,,
"AUT","Austria","MW","All persons","GWG5","Gender wage gap at median","2014","2014",,,"0","Units",,,17.728884245,,
"AUT","Austria","MW","All persons","GWG5","Gender wage gap at median","2015","2015",,,"0","Units",,,17.04325299,,
"AUT","Austria","MW","All persons","GWG5","Gender wage gap at median","2016","2016",,,"0","Units",,,15.670899643,,
"AUT","Austria","MW","All persons","GWG5","Gender wage gap at median","2017","2017",,,"0","Units",,,15.38215397,,
"AUT","Austria","MW","All persons","GWG5","Gender wage gap at median","2018","2018",,,"0","Units",,,14.876690892,,
"AUT","Austria","MW","All persons","GWG5","Gender wage gap at median","2019","2019",,,"0","Units",,,14.011740808,,
"AUT","Austria","MW","All persons","GWG5","Gender wage gap at median","2020","2020",,,"0","Units",,,13.325382523,,
"PRT","Portugal","MW","All persons","GWG5","Gender wage gap at median","2002","2002",,,"0","Units",,,21.857142857,,
"PRT","Portugal","MW","All persons","GWG5","Gender wage gap at median","2006","2006",,,"0","Units",,,12.808460635,,
"PRT","Portugal","MW","All persons","GWG5","Gender wage gap at median","2010","2010",,,"0","Units",,,16.020942408,,
"PRT","Portugal","MW","All persons","GWG5","Gender wage gap at median","2014","2014",,,"0","Units",,,15.321756895,,
"PRT","Portugal","MW","All persons","GWG5","Gender wage gap at median","2018","2018",,,"0","Units",,,11.665004985,,
"PRT","Portugal","MW","All persons","GWG5","Gender wage gap at median","2019","2019",,,"0","Units",,,11.419037351,,
"PRT","Portugal","MW","All persons","GWG5","Gender wage gap at median","2020","2020",,,"0","Units",,,11.716807546,,
"NZL","New Zealand","MW","All persons","GWG5","Gender wage gap at median","2000","2000",,,"0","Units",,,7.1665560717,,
"NZL","New Zealand","MW","All persons","GWG5","Gender wage gap at median","2001","2001",,,"0","Units",,,8.0562659847,,
"NZL","New Zealand","MW","All persons","GWG5","Gender wage gap at median","2002","2002",,,"0","Units",,,7.3125,,
"NZL","New Zealand","MW","All persons","GWG5","Gender wage gap at median","2003","2003",,,"0","Units",,,7.6923076923,,
"NZL","New Zealand","MW","All persons","GWG5","Gender wage gap at median","2004","2004",,,"0","Units",,,8.0766995933,,
"NZL","New Zealand","MW","All persons","GWG5","Gender wage gap at median","2005","2005",,,"0","Units",,,9.6111111111,,
"NZL","New Zealand","MW","All persons","GWG5","Gender wage gap at median","2006","2006",,,"0","Units",,,9.3333333333,,
"NZL","New Zealand","MW","All persons","GWG5","Gender wage gap at median","2007","2007",,,"0","Units",,,7.1428571429,,
"NZL","New Zealand","MW","All persons","GWG5","Gender wage gap at median","2008","2008",,,"0","Units",,,8.0536912752,,
"NZL","New Zealand","MW","All persons","GWG5","Gender wage gap at median","2009","2009",,,"0","Units",,,8.7591240876,,
"NZL","New Zealand","MW","All persons","GWG5","Gender wage gap at median","2010","2010",,,"0","Units",,,7.0112359551,,
"NZL","New Zealand","MW","All persons","GWG5","Gender wage gap at median","2011","2011",,,"0","Units",,,4.5333333333,,
"NZL","New Zealand","MW","All persons","GWG5","Gender wage gap at median","2012","2012",,,"0","Units",,,5.9079061685,,
"NZL","New Zealand","MW","All persons","GWG5","Gender wage gap at median","2013","2013",,,"0","Units",,,6.5943238731,,
"NZL","New Zealand","MW","All persons","GWG5","Gender wage gap at median","2014","2014",,,"0","Units",,,6.0833333333,,
"NZL","New Zealand","MW","All persons","GWG5","Gender wage gap at median","2015","2015",,,"0","Units",,,7.92,,
"NZL","New Zealand","MW","All persons","GWG5","Gender wage gap at median","2016","2016",,,"0","Units",,,7.7692307692,,
"NZL","New Zealand","MW","All persons","GWG5","Gender wage gap at median","2017","2017",,,"0","Units",,,7.1508379888,,
"NZL","New Zealand","MW","All persons","GWG5","Gender wage gap at median","2018","2018",,,"0","Units",,,7.8696925329,,
"NZL","New Zealand","MW","All persons","GWG5","Gender wage gap at median","2019","2019",,,"0","Units",,,6.5084501978,,
"NZL","New Zealand","MW","All persons","GWG5","Gender wage gap at median","2020","2020",,,"0","Units",,,4.5814674475,,
"GRC","Greece","MW","All persons","GWG5","Gender wage gap at median","2002","2002",,,"0","Units",,,23.565754634,,
"GRC","Greece","MW","All persons","GWG5","Gender wage gap at median","2006","2006",,,"0","Units",,,17.725752508,,
"GRC","Greece","MW","All persons","GWG5","Gender wage gap at median","2010","2010",,,"0","Units",,,9.9099099099,,
"GRC","Greece","MW","All persons","GWG5","Gender wage gap at median","2014","2014",,,"0","Units",,,7.1715817694,,
"GRC","Greece","MW","All persons","GWG5","Gender wage gap at median","2018","2018",,,"0","Units",,,5.9090909091,,
"GRC","Greece","MW","All persons","GWG5","Gender wage gap at median","2019","2019",,,"0","Units",,,5.9090909091,,
"GRC","Greece","MW","All persons","GWG5","Gender wage gap at median","2020","2020",,,"0","Units",,,8.9137,,
"USA","United States","MW","All persons","GWG5","Gender wage gap at median","2000","2000",,,"0","Units",,,23.088923557,,
"USA","United States","MW","All persons","GWG5","Gender wage gap at median","2001","2001",,,"0","Units",,,23.582089552,,
"USA","United States","MW","All persons","GWG5","Gender wage gap at median","2002","2002",,,"0","Units",,,22.091310751,,
"USA","United States","MW","All persons","GWG5","Gender wage gap at median","2003","2003",,,"0","Units",,,20.575539568,,
"USA","United States","MW","All persons","GWG5","Gender wage gap at median","2004","2004",,,"0","Units",,,19.635343619,,
"USA","United States","MW","All persons","GWG5","Gender wage gap at median","2005","2005",,,"0","Units",,,18.975069252,,
"USA","United States","MW","All persons","GWG5","Gender wage gap at median","2006","2006",,,"0","Units",,,19.246298789,,
"USA","United States","MW","All persons","GWG5","Gender wage gap at median","2007","2007",,,"0","Units",,,19.843342037,,
"USA","United States","MW","All persons","GWG5","Gender wage gap at median","2008","2008",,,"0","Units",,,20.050125313,,
"USA","United States","MW","All persons","GWG5","Gender wage gap at median","2009","2009",,,"0","Units",,,19.78021978,,
"USA","United States","MW","All persons","GWG5","Gender wage gap at median","2010","2010",,,"0","Units",,,18.810679612,,
"USA","United States","MW","All persons","GWG5","Gender wage gap at median","2011","2011",,,"0","Units",,,17.788461538,,
"USA","United States","MW","All persons","GWG5","Gender wage gap at median","2012","2012",,,"0","Units",,,19.086651054,,
"USA","United States","MW","All persons","GWG5","Gender wage gap at median","2013","2013",,,"0","Units",,,17.906976744,,
"USA","United States","MW","All persons","GWG5","Gender wage gap at median","2014","2014",,,"0","Units",,,17.451205511,,
"USA","United States","MW","All persons","GWG5","Gender wage gap at median","2015","2015",,,"0","Units",,,18.882681564,,
"USA","United States","MW","All persons","GWG5","Gender wage gap at median","2016","2016",,,"0","Units",,,18.142076503,,
"USA","United States","MW","All persons","GWG5","Gender wage gap at median","2017","2017",,,"0","Units",,,18.172157279,,
"USA","United States","MW","All persons","GWG5","Gender wage gap at median","2018","2018",,,"0","Units",,,18.910585817,,
"USA","United States","MW","All persons","GWG5","Gender wage gap at median","2019","2019",,,"0","Units",,,18.470705065,,
"USA","United States","MW","All persons","GWG5","Gender wage gap at median","2020","2020",,,"0","Units",,,17.652495379,,
"CRI","Costa Rica","MW","All persons","GWG5","Gender wage gap at median","2011","2011",,,"0","Units",,,4.6306818182,,
"CRI","Costa Rica","MW","All persons","GWG5","Gender wage gap at median","2012","2012",,,"0","Units",,,0.5524861878,,
"CRI","Costa Rica","MW","All persons","GWG5","Gender wage gap at median","2014","2014",,,"0","Units",,,5.1497005988,,
"CRI","Costa Rica","MW","All persons","GWG5","Gender wage gap at median","2015","2015",,,"0","Units",,,3.7037037037,,
"CRI","Costa Rica","MW","All persons","GWG5","Gender wage gap at median","2016","2016",,,"0","Units",,,1.7857142857,,
"CRI","Costa Rica","MW","All persons","GWG5","Gender wage gap at median","2017","2017",,,"0","Units",,,2.967032967,,
"CRI","Costa Rica","MW","All persons","GWG5","Gender wage gap at median","2018","2018",,,"0","Units",,,4.7252747253,,
"CRI","Costa Rica","MW","All persons","GWG5","Gender wage gap at median","2019","2019",,,"0","Units",,,0,,
"CYP","Cyprus","MW","All persons","GWG5","Gender wage gap at median","2002","2002",,,"0","Units",,,31.399946315,,
"CYP","Cyprus","MW","All persons","GWG5","Gender wage gap at median","2006","2006",,,"0","Units",,,30.478309232,,
"CYP","Cyprus","MW","All persons","GWG5","Gender wage gap at median","2010","2010",,,"0","Units",,,24.600990644,,
"CYP","Cyprus","MW","All persons","GWG5","Gender wage gap at median","2014","2014",,,"0","Units",,,13.409234662,,
"CYP","Cyprus","MW","All persons","GWG5","Gender wage gap at median","2018","2018",,,"0","Units",,,15.871047737,,
"ISR","Israel","MW","All persons","GWG5","Gender wage gap at median","2001","2001",,,"0","Units",,,27.974718329,,
"ISR","Israel","MW","All persons","GWG5","Gender wage gap at median","2002","2002",,,"0","Units",,,24.207612457,,
"ISR","Israel","MW","All persons","GWG5","Gender wage gap at median","2003","2003",,,"0","Units",,,25.325311319,,
"ISR","Israel","MW","All persons","GWG5","Gender wage gap at median","2004","2004",,,"0","Units",,,25.013528139,,
"ISR","Israel","MW","All persons","GWG5","Gender wage gap at median","2005","2005",,,"0","Units",,,21.924398625,,
"ISR","Israel","MW","All persons","GWG5","Gender wage gap at median","2006","2006",,,"0","Units",,,21.955215729,,
"ISR","Israel","MW","All persons","GWG5","Gender wage gap at median","2007","2007",,,"0","Units",,,20.40924794,,
"ISR","Israel","MW","All persons","GWG5","Gender wage gap at median","2008","2008",,,"0","Units",,,22.058823529,,
"ISR","Israel","MW","All persons","GWG5","Gender wage gap at median","2009","2009",,,"0","Units",,,21.13599802,,
"ISR","Israel","MW","All persons","GWG5","Gender wage gap at median","2010","2010",,,"0","Units",,,20.391577392,,
"ISR","Israel","MW","All persons","GWG5","Gender wage gap at median","2011","2011",,,"0","Units",,,19.659666908,,
"ISR","Israel","MW","All persons","GWG5","Gender wage gap at median","2012","2012",,,"0","Units",,,20,,
"ISR","Israel","MW","All persons","GWG5","Gender wage gap at median","2013","2013",,,"0","Units",,,20.345901815,,
"ISR","Israel","MW","All persons","GWG5","Gender wage gap at median","2014","2014",,,"0","Units",,,20.108141196,,
"ISR","Israel","MW","All persons","GWG5","Gender wage gap at median","2015","2015",,,"0","Units",,,20.439189189,,
"ISR","Israel","MW","All persons","GWG5","Gender wage gap at median","2016","2016",,,"0","Units",,,21.593332041,,
"ISR","Israel","MW","All persons","GWG5","Gender wage gap at median","2017","2017",,,"0","Units",,,21.791789941,,
"ISR","Israel","MW","All persons","GWG5","Gender wage gap at median","2018","2018",,,"0","Units",,,22.659192432,,
"NLD","Netherlands","MW","All persons","GWG5","Gender wage gap at median","2002","2002",,,"0","Units",,,15.64,,
"NLD","Netherlands","MW","All persons","GWG5","Gender wage gap at median","2006","2006",,,"0","Units",,,15.982463133,,
"NLD","Netherlands","MW","All persons","GWG5","Gender wage gap at median","2010","2010",,,"0","Units",,,17.88914703,,
"NLD","Netherlands","MW","All persons","GWG5","Gender wage gap at median","2014","2014",,,"0","Units",,,15.304839723,,
"NLD","Netherlands","MW","All persons","GWG5","Gender wage gap at median","2018","2018",,,"0","Units",,,12.657091562,,
"CHE","Switzerland","MW","All persons","GWG5","Gender wage gap at median","2000","2000",,,"0","Units",,,23.787141178,,
"CHE","Switzerland","MW","All persons","GWG5","Gender wage gap at median","2002","2002",,,"0","Units",,,22.801619433,,
"CHE","Switzerland","MW","All persons","GWG5","Gender wage gap at median","2004","2004",,,"0","Units",,,22.012478004,,
"CHE","Switzerland","MW","All persons","GWG5","Gender wage gap at median","2006","2006",,,"0","Units",,,21.318132126,,
"CHE","Switzerland","MW","All persons","GWG5","Gender wage gap at median","2008","2008",,,"0","Units",,,21.307506053,,
"CHE","Switzerland","MW","All persons","GWG5","Gender wage gap at median","2010","2010",,,"0","Units",,,20.053595355,,
"CHE","Switzerland","MW","All persons","GWG5","Gender wage gap at median","2012","2012",,,"0","Units",,,19.343526441,,
"CHE","Switzerland","MW","All persons","GWG5","Gender wage gap at median","2014","2014",,,"0","Units",,,16.940742841,,
"CHE","Switzerland","MW","All persons","GWG5","Gender wage gap at median","2016","2016",,,"0","Units",,,14.762372073,,
"CHE","Switzerland","MW","All persons","GWG5","Gender wage gap at median","2018","2018",,,"0","Units",,,15.095647352,,
"CHE","Switzerland","MW","All persons","GWG5","Gender wage gap at median","2019","2019",,,"0","Units",,,17.163514047,,
"CHE","Switzerland","MW","All persons","GWG5","Gender wage gap at median","2020","2020",,,"0","Units",,,13.783988478,,
"CZE","Czech Republic","MW","All persons","GWG5","Gender wage gap at median","2001","2001",,,"0","Units",,,16.876621646,,
"CZE","Czech Republic","MW","All persons","GWG5","Gender wage gap at median","2002","2002",,,"0","Units",,,15.95069783,,
"CZE","Czech Republic","MW","All persons","GWG5","Gender wage gap at median","2003","2003",,,"0","Units",,,15.637497318,,
"CZE","Czech Republic","MW","All persons","GWG5","Gender wage gap at median","2004","2004",,,"0","Units",,,16.14681968,,
"CZE","Czech Republic","MW","All persons","GWG5","Gender wage gap at median","2005","2005",,,"0","Units",,,15.93892946,,
"CZE","Czech Republic","MW","All persons","GWG5","Gender wage gap at median","2006","2006",,,"0","Units",,,15.351766206,,
"CZE","Czech Republic","MW","All persons","GWG5","Gender wage gap at median","2007","2007",,,"0","Units",,,16.931531878,,
"CZE","Czech Republic","MW","All persons","GWG5","Gender wage gap at median","2008","2008",,,"0","Units",,,17.873019877,,
"CZE","Czech Republic","MW","All persons","GWG5","Gender wage gap at median","2009","2009",,,"0","Units",,,15.105017965,,
"CZE","Czech Republic","MW","All persons","GWG5","Gender wage gap at median","2010","2010",,,"0","Units",,,15.798503074,,
"CZE","Czech Republic","MW","All persons","GWG5","Gender wage gap at median","2011","2011",,,"0","Units",,,16.329656698,,
"CZE","Czech Republic","MW","All persons","GWG5","Gender wage gap at median","2012","2012",,,"0","Units",,,15.262979875,,
"CZE","Czech Republic","MW","All persons","GWG5","Gender wage gap at median","2013","2013",,,"0","Units",,,15.378835316,,
"CZE","Czech Republic","MW","All persons","GWG5","Gender wage gap at median","2014","2014",,,"0","Units",,,16.254560195,,
"CZE","Czech Republic","MW","All persons","GWG5","Gender wage gap at median","2015","2015",,,"0","Units",,,16.455154158,,
"CZE","Czech Republic","MW","All persons","GWG5","Gender wage gap at median","2016","2016",,,"0","Units",,,16.023430838,,
"CZE","Czech Republic","MW","All persons","GWG5","Gender wage gap at median","2017","2017",,,"0","Units",,,15.614010894,,
"CZE","Czech Republic","MW","All persons","GWG5","Gender wage gap at median","2018","2018",,,"0","Units",,,15.127413864,,
"CZE","Czech Republic","MW","All persons","GWG5","Gender wage gap at median","2019","2019",,,"0","Units",,,14.714332257,,
"CZE","Czech Republic","MW","All persons","GWG5","Gender wage gap at median","2020","2020",,,"0","Units",,,12.372862094,,
"DNK","Denmark","MW","All persons","GWG5","Gender wage gap at median","2002","2002",,,"0","Units",,,10.797075707,,
"DNK","Denmark","MW","All persons","GWG5","Gender wage gap at median","2003","2003",,,"0","Units",,,9.9218040939,,
"DNK","Denmark","MW","All persons","GWG5","Gender wage gap at median","2004","2004",,,"0","Units",,,10.182205379,,
"DNK","Denmark","MW","All persons","GWG5","Gender wage gap at median","2005","2005",,,"0","Units",,,10.167330438,,
"DNK","Denmark","MW","All persons","GWG5","Gender wage gap at median","2006","2006",,,"0","Units",,,10.172061258,,
"DNK","Denmark","MW","All persons","GWG5","Gender wage gap at median","2007","2007",,,"0","Units",,,9.8502979507,,
"DNK","Denmark","MW","All persons","GWG5","Gender wage gap at median","2008","2008",,,"0","Units",,,10.183549034,,
"DNK","Denmark","MW","All persons","GWG5","Gender wage gap at median","2009","2009",,,"0","Units",,,10.172005061,,
"DNK","Denmark","MW","All persons","GWG5","Gender wage gap at median","2010","2010",,,"0","Units",,,8.895098479,,
"DNK","Denmark","MW","All persons","GWG5","Gender wage gap at median","2011","2011",,,"0","Units",,,7.9471972536,,
"DNK","Denmark","MW","All persons","GWG5","Gender wage gap at median","2012","2012",,,"0","Units",,,6.9998448762,,
"DNK","Denmark","MW","All persons","GWG5","Gender wage gap at median","2013","2013",,,"0","Units",,,6.7689119452,,
"DNK","Denmark","MW","All persons","GWG5","Gender wage gap at median","2014","2014",,,"0","Units",,,6.3238656948,,
"DNK","Denmark","MW","All persons","GWG5","Gender wage gap at median","2015","2015",,,"0","Units",,,5.8360481128,,
"DNK","Denmark","MW","All persons","GWG5","Gender wage gap at median","2016","2016",,,"0","Units",,,5.7326280384,,
"DNK","Denmark","MW","All persons","GWG5","Gender wage gap at median","2017","2017",,,"0","Units",,,5.2966919656,,
"DNK","Denmark","MW","All persons","GWG5","Gender wage gap at median","2018","2018",,,"0","Units",,,4.8632060095,,
"DNK","Denmark","MW","All persons","GWG5","Gender wage gap at median","2019","2019",,,"0","Units",,,5.0592156283,,
"DEU","Germany","MW","All persons","GWG5","Gender wage gap at median","2000","2000",,,"0","Units",,,19.579030977,,
"DEU","Germany","MW","All persons","GWG5","Gender wage gap at median","2001","2001",,,"0","Units",,,19.105008078,,
"DEU","Germany","MW","All persons","GWG5","Gender wage gap at median","2002","2002",,,"0","Units",,,19.076590488,,
"DEU","Germany","MW","All persons","GWG5","Gender wage gap at median","2003","2003",,,"0","Units",,,19.554572271,,
"DEU","Germany","MW","All persons","GWG5","Gender wage gap at median","2004","2004",,,"0","Units",,,21.850217724,,
"DEU","Germany","MW","All persons","GWG5","Gender wage gap at median","2005","2005",,,"0","Units",,,16.347569956,,
"DEU","Germany","MW","All persons","GWG5","Gender wage gap at median","2006","2006",,,"0","Units",,,18.128654971,,
"DEU","Germany","MW","All persons","GWG5","Gender wage gap at median","2007","2007",,,"0","Units",,,16.715542522,,
"DEU","Germany","MW","All persons","GWG5","Gender wage gap at median","2008","2008",,,"0","Units",,,16.737517957,,
"DEU","Germany","MW","All persons","GWG5","Gender wage gap at median","2009","2009",,,"0","Units",,,16.524216524,,
"DEU","Germany","MW","All persons","GWG5","Gender wage gap at median","2010","2010",,,"0","Units",,,16.694715584,,
"DEU","Germany","MW","All persons","GWG5","Gender wage gap at median","2011","2011",,,"0","Units",,,16.944444444,,
"DEU","Germany","MW","All persons","GWG5","Gender wage gap at median","2012","2012",,,"0","Units",,,15.646258503,,
"DEU","Germany","MW","All persons","GWG5","Gender wage gap at median","2013","2013",,,"0","Units",,,14.093150685,,
"DEU","Germany","MW","All persons","GWG5","Gender wage gap at median","2014","2014",,,"0","Units",,,17.1875,,
"DEU","Germany","MW","All persons","GWG5","Gender wage gap at median","2015","2015",,,"0","Units",,,15.816326531,,
"DEU","Germany","MW","All persons","GWG5","Gender wage gap at median","2016","2016",,,"0","Units",,,15.510718789,,
"DEU","Germany","MW","All persons","GWG5","Gender wage gap at median","2017","2017",,,"0","Units",,,16.19047619,,
"DEU","Germany","MW","All persons","GWG5","Gender wage gap at median","2018","2018",,,"0","Units",,,15.250121418,,
"DEU","Germany","MW","All persons","GWG5","Gender wage gap at median","2019","2019",,,"0","Units",,,13.894902578,,
"AUS","Australia","MW","All persons","GWG5","Gender wage gap at median","2000","2000",,,"0","Units",,,17.2,,
"AUS","Australia","MW","All persons","GWG5","Gender wage gap at median","2001","2001",,,"0","Units",,,14.342105263,,
"AUS","Australia","MW","All persons","GWG5","Gender wage gap at median","2002","2002",,,"0","Units",,,15,,
"AUS","Australia","MW","All persons","GWG5","Gender wage gap at median","2003","2003",,,"0","Units",,,13.043478261,,
"AUS","Australia","MW","All persons","GWG5","Gender wage gap at median","2004","2004",,,"0","Units",,,14.352941176,,
"AUS","Australia","MW","All persons","GWG5","Gender wage gap at median","2005","2005",,,"0","Units",,,15.777777778,,
"AUS","Australia","MW","All persons","GWG5","Gender wage gap at median","2006","2006",,,"0","Units",,,16.666666667,,
"AUS","Australia","MW","All persons","GWG5","Gender wage gap at median","2007","2007",,,"0","Units",,,15.4,,
"AUS","Australia","MW","All persons","GWG5","Gender wage gap at median","2008","2008",,,"0","Units",,,11.937377691,,
"AUS","Australia","MW","All persons","GWG5","Gender wage gap at median","2009","2009",,,"0","Units",,,16.363636364,,
"AUS","Australia","MW","All persons","GWG5","Gender wage gap at median","2010","2010",,,"0","Units",,,14.04293381,,
"AUS","Australia","MW","All persons","GWG5","Gender wage gap at median","2011","2011",,,"0","Units",,,15.966386555,,
"AUS","Australia","MW","All persons","GWG5","Gender wage gap at median","2012","2012",,,"0","Units",,,13.75,,
"AUS","Australia","MW","All persons","GWG5","Gender wage gap at median","2013","2013",,,"0","Units",,,18,,
"AUS","Australia","MW","All persons","GWG5","Gender wage gap at median","2014","2014",,,"0","Units",,,17.050691244,,
"AUS","Australia","MW","All persons","GWG5","Gender wage gap at median","2015","2015",,,"0","Units",,,15.384615385,,
"AUS","Australia","MW","All persons","GWG5","Gender wage gap at median","2016","2016",,,"0","Units",,,13.728432108,,
"AUS","Australia","MW","All persons","GWG5","Gender wage gap at median","2017","2017",,,"0","Units",,,14.507772021,,
"AUS","Australia","MW","All persons","GWG5","Gender wage gap at median","2018","2018",,,"0","Units",,,16.142557652,,
"AUS","Australia","MW","All persons","GWG5","Gender wage gap at median","2019","2019",,,"0","Units",,,14.965986395,,
"AUS","Australia","MW","All persons","GWG5","Gender wage gap at median","2020","2020",,,"0","Units",,,12.266666667,,
"EU19","Euro area","MW","All persons","GWG5","Gender wage gap at median","2002","2002",,,"0","Units",,,17.4608328000312,,
"EU19","Euro area","MW","All persons","GWG5","Gender wage gap at median","2003","2003",,,"0","Units",,,17.0616563404368,,
"EU19","Euro area","MW","All persons","GWG5","Gender wage gap at median","2004","2004",,,"0","Units",,,16.388163438746,,
"EU19","Euro area","MW","All persons","GWG5","Gender wage gap at median","2005","2005",,,"0","Units",,,15.3130575271444,,
"EU19","Euro area","MW","All persons","GWG5","Gender wage gap at median","2006","2006",,,"0","Units",,,14.15496543985,,
"EU19","Euro area","MW","All persons","GWG5","Gender wage gap at median","2007","2007",,,"0","Units",,,13.6634053746401,,
"EU19","Euro area","MW","All persons","GWG5","Gender wage gap at median","2008","2008",,,"0","Units",,,13.1589550949684,,
"EU19","Euro area","MW","All persons","GWG5","Gender wage gap at median","2009","2009",,,"0","Units",,,12.6606001843082,,
"EU19","Euro area","MW","All persons","GWG5","Gender wage gap at median","2010","2010",,,"0","Units",,,13.0507107529235,,
"EU19","Euro area","MW","All persons","GWG5","Gender wage gap at median","2011","2011",,,"0","Units",,,12.8673917385687,,
"EU19","Euro area","MW","All persons","GWG5","Gender wage gap at median","2012","2012",,,"0","Units",,,12.760897496346,,
"EU19","Euro area","MW","All persons","GWG5","Gender wage gap at median","2013","2013",,,"0","Units",,,12.5648871951714,,
"EU19","Euro area","MW","All persons","GWG5","Gender wage gap at median","2014","2014",,,"0","Units",,,12.5568184253882,,
"EU19","Euro area","MW","All persons","GWG5","Gender wage gap at median","2015","2015",,,"0","Units",,,12.6421843334783,,
"EU19","Euro area","MW","All persons","GWG5","Gender wage gap at median","2016","2016",,,"0","Units",,,12.1514240156262,,
"EU19","Euro area","MW","All persons","GWG5","Gender wage gap at median","2017","2017",,,"0","Units",,,12.1234082702223,,
"EU19","Euro area","MW","All persons","GWG5","Gender wage gap at median","2018","2018",,,"0","Units",,,11.888386080575,,
"EU19","Euro area","MW","All persons","GWG5","Gender wage gap at median","2019","2019",,,"0","Units",,,11.4668712916688,,
"EU19","Euro area","MW","All persons","GWG5","Gender wage gap at median","2020","2020",,,"0","Units",,,11.451911221225,,
"EU27","European Union 27","MW","All persons","GWG5","Gender wage gap at median","2002","2002",,,"0","Units",,,16.117691807,,
"EU27","European Union 27","MW","All persons","GWG5","Gender wage gap at median","2003","2003",,,"0","Units",,,15.4352900584341,,
"EU27","European Union 27","MW","All persons","GWG5","Gender wage gap at median","2004","2004",,,"0","Units",,,14.9710617285901,,
"EU27","European Union 27","MW","All persons","GWG5","Gender wage gap at median","2005","2005",,,"0","Units",,,14.2175667927245,,
"EU27","European Union 27","MW","All persons","GWG5","Gender wage gap at median","2006","2006",,,"0","Units",,,13.0878586273095,,
"EU27","European Union 27","MW","All persons","GWG5","Gender wage gap at median","2007","2007",,,"0","Units",,,13.0035030339452,,
"EU27","European Union 27","MW","All persons","GWG5","Gender wage gap at median","2008","2008",,,"0","Units",,,12.5905982108379,,
"EU27","European Union 27","MW","All persons","GWG5","Gender wage gap at median","2009","2009",,,"0","Units",,,11.9490728053923,,
"EU27","European Union 27","MW","All persons","GWG5","Gender wage gap at median","2010","2010",,,"0","Units",,,12.2495863421955,,
"EU27","European Union 27","MW","All persons","GWG5","Gender wage gap at median","2011","2011",,,"0","Units",,,12.1719278506043,,
"EU27","European Union 27","MW","All persons","GWG5","Gender wage gap at median","2012","2012",,,"0","Units",,,12.2925642814446,,
"EU27","European Union 27","MW","All persons","GWG5","Gender wage gap at median","2013","2013",,,"0","Units",,,12.0315285075347,,
"EU27","European Union 27","MW","All persons","GWG5","Gender wage gap at median","2014","2014",,,"0","Units",,,11.8201068137,,
"EU27","European Union 27","MW","All persons","GWG5","Gender wage gap at median","2015","2015",,,"0","Units",,,12.0302473615083,,
"EU27","European Union 27","MW","All persons","GWG5","Gender wage gap at median","2016","2016",,,"0","Units",,,11.5776655182723,,
"EU27","European Union 27","MW","All persons","GWG5","Gender wage gap at median","2017","2017",,,"0","Units",,,11.3314190490071,,
"EU27","European Union 27","MW","All persons","GWG5","Gender wage gap at median","2018","2018",,,"0","Units",,,11.1385132639667,,
"EU27","European Union 27","MW","All persons","GWG5","Gender wage gap at median","2019","2019",,,"0","Units",,,11.1223387399604,,
"EU27","European Union 27","MW","All persons","GWG5","Gender wage gap at median","2020","2020",,,"0","Units",,,10.7951743035,,
