"LOCATION","INDICATOR","SUBJECT","MEASURE","FREQUENCY","TIME","Value","Flag Codes"
"AUS","WAGELEVEL","LPAY","PC","A","1975",11.2508553764836,
"AUS","WAGELEVEL","LPAY","PC","A","1976",11.5901026182027,
"AUS","WAGELEVEL","LPAY","PC","A","1977",11.7069002349925,
"AUS","WAGELEVEL","LPAY","PC","A","1978",12.7723215337149,
"AUS","WAGELEVEL","LPAY","PC","A","1979",13.5898865960216,
"AUS","WAGELEVEL","LPAY","PC","A","1980",13.5403240655496,
"AUS","WAGELEVEL","LPAY","PC","A","1981",13.9344079050323,
"AUS","WAGELEVEL","LPAY","PC","A","1982",14.3622189583098,
"AUS","WAGELEVEL","LPAY","PC","A","1983",14.5797242048368,
"AUS","WAGELEVEL","LPAY","PC","A","1984",14.445819736694,
"AUS","WAGELEVEL","LPAY","PC","A","1985",13.4674207248641,
"AUS","WAGELEVEL","LPAY","PC","A","1986",13.9756087087216,
"AUS","WAGELEVEL","LPAY","PC","A","1987",13.9363885088919,
"AUS","WAGELEVEL","LPAY","PC","A","1988",14.5263885219583,
"AUS","WAGELEVEL","LPAY","PC","A","1989",14.5436760103277,
"AUS","WAGELEVEL","LPAY","PC","A","1990",14.740810635167,
"AUS","WAGELEVEL","LPAY","PC","A","1991",13.9151470797504,
"AUS","WAGELEVEL","LPAY","PC","A","1992",13.8645166837184,
"AUS","WAGELEVEL","LPAY","PC","A","1993",13.1674364785664,
"AUS","WAGELEVEL","LPAY","PC","A","1994",13.5079423222537,
"AUS","WAGELEVEL","LPAY","PC","A","1995",13.8290371671028,
"AUS","WAGELEVEL","LPAY","PC","A","1997",12.1775502145619,
"AUS","WAGELEVEL","LPAY","PC","A","1998",12.7617214281984,
"AUS","WAGELEVEL","LPAY","PC","A","1999",14.3537848280428,
"AUS","WAGELEVEL","LPAY","PC","A","2000",16.3548195076221,
"AUS","WAGELEVEL","LPAY","PC","A","2001",15.5377691303996,
"AUS","WAGELEVEL","LPAY","PC","A","2002",15.1283188803772,
"AUS","WAGELEVEL","LPAY","PC","A","2003",14.920193356645,
"AUS","WAGELEVEL","LPAY","PC","A","2004",15.4543009896955,
"AUS","WAGELEVEL","LPAY","PC","A","2005",15.8155971338919,
"AUS","WAGELEVEL","LPAY","PC","A","2006",15.1551832124049,
"AUS","WAGELEVEL","LPAY","PC","A","2007",15.9726494362297,
"AUS","WAGELEVEL","LPAY","PC","A","2008",17.5107095317818,
"AUS","WAGELEVEL","LPAY","PC","A","2009",14.5199094102225,
"AUS","WAGELEVEL","LPAY","PC","A","2010",15.9802656198485,
"AUS","WAGELEVEL","LPAY","PC","A","2011",16.8549551513812,
"AUS","WAGELEVEL","LPAY","PC","A","2012",17.5887595810257,
"AUS","WAGELEVEL","LPAY","PC","A","2013",15.8805478699985,
"AUS","WAGELEVEL","LPAY","PC","A","2014",14.7529983912524,
"AUS","WAGELEVEL","LPAY","PC","A","2015",15.4360905221714,
"AUS","WAGELEVEL","LPAY","PC","A","2016",15.632662037025,
"AUS","WAGELEVEL","LPAY","PC","A","2017",15.0616443644929,
"AUS","WAGELEVEL","LPAY","PC","A","2018",15.4324258284697,
"AUS","WAGELEVEL","LPAY","PC","A","2019",15.4576924077978,
"AUT","WAGELEVEL","LPAY","PC","A","2004",15.1530881469905,
"AUT","WAGELEVEL","LPAY","PC","A","2005",15.2759616418695,
"AUT","WAGELEVEL","LPAY","PC","A","2006",15.789915057348,
"AUT","WAGELEVEL","LPAY","PC","A","2007",16.1934824786558,
"AUT","WAGELEVEL","LPAY","PC","A","2008",15.8655557860972,
"AUT","WAGELEVEL","LPAY","PC","A","2009",16.0218084986964,
"AUT","WAGELEVEL","LPAY","PC","A","2010",16.4701128031366,
"AUT","WAGELEVEL","LPAY","PC","A","2011",16.0763005791486,
"AUT","WAGELEVEL","LPAY","PC","A","2012",16.0727266833728,
"AUT","WAGELEVEL","LPAY","PC","A","2013",15.8536380532999,
"AUT","WAGELEVEL","LPAY","PC","A","2014",15.8869886861039,
"AUT","WAGELEVEL","LPAY","PC","A","2015",15.8611061647495,
"AUT","WAGELEVEL","LPAY","PC","A","2016",15.4306909837204,
"AUT","WAGELEVEL","LPAY","PC","A","2017",15.1370649130179,
"AUT","WAGELEVEL","LPAY","PC","A","2018",14.9266828183379,
"AUT","WAGELEVEL","LPAY","PC","A","2019",14.7446410862766,
"AUT","WAGELEVEL","HPAY","PC","A","2004",19.6780539285953,
"AUT","WAGELEVEL","HPAY","PC","A","2005",20.0000201017349,
"AUT","WAGELEVEL","HPAY","PC","A","2006",20.2032311752137,
"AUT","WAGELEVEL","HPAY","PC","A","2007",20.3799333095786,
"AUT","WAGELEVEL","HPAY","PC","A","2008",20.455820742326,
"AUT","WAGELEVEL","HPAY","PC","A","2009",20.7936255384528,
"AUT","WAGELEVEL","HPAY","PC","A","2010",20.7341335374644,
"AUT","WAGELEVEL","HPAY","PC","A","2011",20.7264482690341,
"AUT","WAGELEVEL","HPAY","PC","A","2012",20.8531018048676,
"AUT","WAGELEVEL","HPAY","PC","A","2013",20.7018643406519,
"AUT","WAGELEVEL","HPAY","PC","A","2014",20.7778648867229,
"AUT","WAGELEVEL","HPAY","PC","A","2015",20.9069173878462,
"AUT","WAGELEVEL","HPAY","PC","A","2016",20.9486286942175,
"AUT","WAGELEVEL","HPAY","PC","A","2017",20.7899879587043,
"AUT","WAGELEVEL","HPAY","PC","A","2018",20.8102233823954,
"AUT","WAGELEVEL","HPAY","PC","A","2019",20.6072527416642,
"BEL","WAGELEVEL","LPAY","PC","A","2004",6.29874025194961,
"BEL","WAGELEVEL","LPAY","PC","A","2005",6.6993300669933,
"BEL","WAGELEVEL","LPAY","PC","A","2006",6.2993700629937,
"BEL","WAGELEVEL","LPAY","PC","A","2007",5.6005600560056,
"BEL","WAGELEVEL","LPAY","PC","A","2008",3.99988000359989,
"BEL","WAGELEVEL","LPAY","PC","A","2009",3.7,
"BEL","WAGELEVEL","LPAY","PC","A","2010",4.3,
"BEL","WAGELEVEL","LPAY","PC","A","2011",5.4,
"BEL","WAGELEVEL","LPAY","PC","A","2012",6,
"BEL","WAGELEVEL","LPAY","PC","A","2013",4.60013203955377,
"BEL","WAGELEVEL","LPAY","PC","A","2014",3.4,
"BEL","WAGELEVEL","LPAY","PC","A","2015",4.6,
"BEL","WAGELEVEL","LPAY","PC","A","2016",4.1,
"BEL","WAGELEVEL","LPAY","PC","A","2017",5.5,
"BEL","WAGELEVEL","LPAY","PC","A","2018",9.2,
"BEL","WAGELEVEL","LPAY","PC","A","2019",11.5,
"BEL","WAGELEVEL","HPAY","PC","A","1999",10.6,
"BEL","WAGELEVEL","HPAY","PC","A","2000",11.6011601160116,
"BEL","WAGELEVEL","HPAY","PC","A","2001",11.001100110011,
"BEL","WAGELEVEL","HPAY","PC","A","2002",10.6989301069893,
"BEL","WAGELEVEL","HPAY","PC","A","2003",12.4,
"BEL","WAGELEVEL","HPAY","PC","A","2004",12.6974605078984,
"BEL","WAGELEVEL","HPAY","PC","A","2005",13.3986601339866,
"BEL","WAGELEVEL","HPAY","PC","A","2006",12.7987201279872,
"BEL","WAGELEVEL","HPAY","PC","A","2007",11.4011401140114,
"BEL","WAGELEVEL","HPAY","PC","A","2008",11.1996640100797,
"BEL","WAGELEVEL","HPAY","PC","A","2009",11.7,
"BEL","WAGELEVEL","HPAY","PC","A","2010",13.1,
"BEL","WAGELEVEL","HPAY","PC","A","2011",13.8,
"BEL","WAGELEVEL","HPAY","PC","A","2012",13.4,
"BEL","WAGELEVEL","HPAY","PC","A","2013",13.8,
"BEL","WAGELEVEL","HPAY","PC","A","2014",12.9,
"BEL","WAGELEVEL","HPAY","PC","A","2015",13.5,
"BEL","WAGELEVEL","HPAY","PC","A","2016",13.9,
"BEL","WAGELEVEL","HPAY","PC","A","2017",13.8,
"BEL","WAGELEVEL","HPAY","PC","A","2018",11.9,
"BEL","WAGELEVEL","HPAY","PC","A","2019",12.6,
"CAN","WAGELEVEL","LPAY","PC","A","1997",21.880982179649,
"CAN","WAGELEVEL","LPAY","PC","A","1998",21.177603252845,
"CAN","WAGELEVEL","LPAY","PC","A","1999",23.0643019142477,
"CAN","WAGELEVEL","LPAY","PC","A","2000",23.250933612223,
"CAN","WAGELEVEL","LPAY","PC","A","2001",22.0236714127944,
"CAN","WAGELEVEL","LPAY","PC","A","2002",22.382220241102,
"CAN","WAGELEVEL","LPAY","PC","A","2003",22.0068583129789,
"CAN","WAGELEVEL","LPAY","PC","A","2004",22.4001299715378,
"CAN","WAGELEVEL","LPAY","PC","A","2005",21.3412406984552,
"CAN","WAGELEVEL","LPAY","PC","A","2006",22.5012407222861,
"CAN","WAGELEVEL","LPAY","PC","A","2007",22.0087817062064,
"CAN","WAGELEVEL","LPAY","PC","A","2008",22.1184321748919,
"CAN","WAGELEVEL","LPAY","PC","A","2009",20.6307930173176,
"CAN","WAGELEVEL","LPAY","PC","A","2010",21.2076834099696,
"CAN","WAGELEVEL","LPAY","PC","A","2011",21.5951235887348,
"CAN","WAGELEVEL","LPAY","PC","A","2012",21.8497443195449,
"CAN","WAGELEVEL","LPAY","PC","A","2013",20.9601247133061,
"CAN","WAGELEVEL","LPAY","PC","A","2014",22.4454281498186,
"CAN","WAGELEVEL","LPAY","PC","A","2015",22.1803473660353,
"CAN","WAGELEVEL","LPAY","PC","A","2016",22.3428150427257,
"CAN","WAGELEVEL","LPAY","PC","A","2017",22.0107809846944,
"CAN","WAGELEVEL","LPAY","PC","A","2018",20.6792952745909,
"CAN","WAGELEVEL","LPAY","PC","A","2019",20.6792952745909,
"CAN","WAGELEVEL","HPAY","PC","A","1997",19.5781513281618,
"CAN","WAGELEVEL","HPAY","PC","A","1998",20.6322715636815,
"CAN","WAGELEVEL","HPAY","PC","A","1999",20.4705210382526,
"CAN","WAGELEVEL","HPAY","PC","A","2000",20.4231113826294,
"CAN","WAGELEVEL","HPAY","PC","A","2001",20.1478086766028,
"CAN","WAGELEVEL","HPAY","PC","A","2002",19.7413003303652,
"CAN","WAGELEVEL","HPAY","PC","A","2003",20.4082809217653,
"CAN","WAGELEVEL","HPAY","PC","A","2004",20.7262585522156,
"CAN","WAGELEVEL","HPAY","PC","A","2005",20.5459998354381,
"CAN","WAGELEVEL","HPAY","PC","A","2006",21.5631143352333,
"CAN","WAGELEVEL","HPAY","PC","A","2007",22.3066484364668,
"CAN","WAGELEVEL","HPAY","PC","A","2008",21.4859287944327,
"CAN","WAGELEVEL","HPAY","PC","A","2009",22.1300558192506,
"CAN","WAGELEVEL","HPAY","PC","A","2010",21.4166557885355,
"CAN","WAGELEVEL","HPAY","PC","A","2011",22.2926488279651,
"CAN","WAGELEVEL","HPAY","PC","A","2012",22.0635419954674,
"CAN","WAGELEVEL","HPAY","PC","A","2013",23.1437563007447,
"CAN","WAGELEVEL","HPAY","PC","A","2014",22.4292113918602,
"CAN","WAGELEVEL","HPAY","PC","A","2015",22.8758506653392,
"CAN","WAGELEVEL","HPAY","PC","A","2016",22.3163248328948,
"CAN","WAGELEVEL","HPAY","PC","A","2017",22.5056582544189,
"CAN","WAGELEVEL","HPAY","PC","A","2018",22.1761150545507,
"CAN","WAGELEVEL","HPAY","PC","A","2019",22.1761150545507,
"CZE","WAGELEVEL","LPAY","PC","A","1996",16.9542109863328,
"CZE","WAGELEVEL","LPAY","PC","A","1997",17.1497902122456,
"CZE","WAGELEVEL","LPAY","PC","A","1999",17.6252438968093,
"CZE","WAGELEVEL","LPAY","PC","A","2001",17.4444417121084,
"CZE","WAGELEVEL","LPAY","PC","A","2002",18.3923204731658,
"CZE","WAGELEVEL","LPAY","PC","A","2003",19.0362273006795,
"CZE","WAGELEVEL","LPAY","PC","A","2004",19.6798782864496,
"CZE","WAGELEVEL","LPAY","PC","A","2005",20.0310956263525,
"CZE","WAGELEVEL","LPAY","PC","A","2006",19.7384172731667,
"CZE","WAGELEVEL","LPAY","PC","A","2007",19.6564655661961,
"CZE","WAGELEVEL","LPAY","PC","A","2008",19.7032947461146,
"CZE","WAGELEVEL","LPAY","PC","A","2009",20.042805677142,
"CZE","WAGELEVEL","LPAY","PC","A","2010",20.1832924309899,
"CZE","WAGELEVEL","LPAY","PC","A","2011",20.1530632397961,
"CZE","WAGELEVEL","LPAY","PC","A","2012",19.7500015800001,
"CZE","WAGELEVEL","LPAY","PC","A","2013",19.9500021945002,
"CZE","WAGELEVEL","LPAY","PC","A","2014",20.2600020260002,
"CZE","WAGELEVEL","LPAY","PC","A","2015",20.6500022715002,
"CZE","WAGELEVEL","LPAY","PC","A","2016",19.7600017784002,
"CZE","WAGELEVEL","LPAY","PC","A","2017",19.8700023844003,
"CZE","WAGELEVEL","LPAY","PC","A","2018",19.6800025584003,
"CZE","WAGELEVEL","LPAY","PC","A","2019",18.36,
"CZE","WAGELEVEL","LPAY","PC","A","2020",17.77,
"DNK","WAGELEVEL","LPAY","PC","A","2002",7.36122849771702,
"DNK","WAGELEVEL","LPAY","PC","A","2003",7.46181612589425,
"DNK","WAGELEVEL","LPAY","PC","A","2004",6.67957688875175,
"DNK","WAGELEVEL","LPAY","PC","A","2005",6.4025518213725,
"DNK","WAGELEVEL","LPAY","PC","A","2006",7.57261291359087,
"DNK","WAGELEVEL","LPAY","PC","A","2007",7.83927659106981,
"DNK","WAGELEVEL","LPAY","PC","A","2008",7.88824572304625,
"DNK","WAGELEVEL","LPAY","PC","A","2009",7.27732446593039,
"DNK","WAGELEVEL","LPAY","PC","A","2010",7.57778967074395,
"DNK","WAGELEVEL","LPAY","PC","A","2011",7.49137798746154,
"DNK","WAGELEVEL","LPAY","PC","A","2012",7.57251517367582,
"DNK","WAGELEVEL","LPAY","PC","A","2013",7.88625962900836,
"DNK","WAGELEVEL","LPAY","PC","A","2014",8.41933543002542,
"DNK","WAGELEVEL","LPAY","PC","A","2015",8.23666335549489,
"DNK","WAGELEVEL","LPAY","PC","A","2016",8.23258267523412,
"DNK","WAGELEVEL","LPAY","PC","A","2017",8.51944995079203,
"DNK","WAGELEVEL","LPAY","PC","A","2018",8.72529216888955,
"FIN","WAGELEVEL","LPAY","PC","A","2001",4.60413920379647,
"FIN","WAGELEVEL","LPAY","PC","A","2002",7.28614371650907,
"FIN","WAGELEVEL","LPAY","PC","A","2003",6.41170216655543,
"FIN","WAGELEVEL","LPAY","PC","A","2004",6.95710634285442,
"FIN","WAGELEVEL","LPAY","PC","A","2005",6.91340131252389,
"FIN","WAGELEVEL","LPAY","PC","A","2006",7.4813619093954,
"FIN","WAGELEVEL","LPAY","PC","A","2007",7.90949645911956,
"FIN","WAGELEVEL","LPAY","PC","A","2008",8.47315837603835,
"FIN","WAGELEVEL","LPAY","PC","A","2009",8.48211949443856,
"FIN","WAGELEVEL","LPAY","PC","A","2010",8.12301878027834,
"FIN","WAGELEVEL","LPAY","PC","A","2011",9.27104253736019,
"FIN","WAGELEVEL","LPAY","PC","A","2012",8.91338023164926,
"FIN","WAGELEVEL","LPAY","PC","A","2013",9.07225222869386,
"FIN","WAGELEVEL","LPAY","PC","A","2014",8.44907407407407,
"FIN","WAGELEVEL","LPAY","PC","A","2015",7.76817579982511,
"FIN","WAGELEVEL","LPAY","PC","A","2016",7.07586810853079,
"FIN","WAGELEVEL","LPAY","PC","A","2017",7.55308566616365,
"FIN","WAGELEVEL","LPAY","PC","A","2018",7.31696261103491,
"FIN","WAGELEVEL","LPAY","PC","A","2019",8.62715571672965,
"FIN","WAGELEVEL","HPAY","PC","A","2001",15.8565105735796,
"FIN","WAGELEVEL","HPAY","PC","A","2002",15.9578155661919,
"FIN","WAGELEVEL","HPAY","PC","A","2003",15.8652994830406,
"FIN","WAGELEVEL","HPAY","PC","A","2004",15.3026000838943,
"FIN","WAGELEVEL","HPAY","PC","A","2005",16.2953532781668,
"FIN","WAGELEVEL","HPAY","PC","A","2006",16.0653451034762,
"FIN","WAGELEVEL","HPAY","PC","A","2007",16.7871535104863,
"FIN","WAGELEVEL","HPAY","PC","A","2008",16.5132748927306,
"FIN","WAGELEVEL","HPAY","PC","A","2009",16.6847089044424,
"FIN","WAGELEVEL","HPAY","PC","A","2010",17.1581692562012,
"FIN","WAGELEVEL","HPAY","PC","A","2011",16.8961883422277,
"FIN","WAGELEVEL","HPAY","PC","A","2012",16.3697150572017,
"FIN","WAGELEVEL","HPAY","PC","A","2013",15.9206865987975,
"FIN","WAGELEVEL","HPAY","PC","A","2014",16.5631323827004,
"FIN","WAGELEVEL","HPAY","PC","A","2015",17.045943990127,
"FIN","WAGELEVEL","HPAY","PC","A","2016",16.5926185617283,
"FIN","WAGELEVEL","HPAY","PC","A","2017",17.3007415320097,
"FIN","WAGELEVEL","HPAY","PC","A","2018",16.9503685072218,
"FIN","WAGELEVEL","HPAY","PC","A","2019",16.9999108202292,
"DEU","WAGELEVEL","LPAY","PC","A","1992",20.8004235306595,
"DEU","WAGELEVEL","LPAY","PC","A","1993",16.4764947445888,
"DEU","WAGELEVEL","LPAY","PC","A","1994",14.5523398593648,
"DEU","WAGELEVEL","LPAY","PC","A","1995",13.6300249078421,
"DEU","WAGELEVEL","LPAY","PC","A","1996",13.7613344043075,
"DEU","WAGELEVEL","LPAY","PC","A","1997",14.0864802217465,
"DEU","WAGELEVEL","LPAY","PC","A","1998",15.1950498692867,
"DEU","WAGELEVEL","LPAY","PC","A","1999",15.7252453131499,
"DEU","WAGELEVEL","LPAY","PC","A","2000",15.8015129020392,
"DEU","WAGELEVEL","LPAY","PC","A","2001",16.5533346024978,
"DEU","WAGELEVEL","LPAY","PC","A","2002",17.4863619823274,
"DEU","WAGELEVEL","LPAY","PC","A","2003",17.5105470734005,
"DEU","WAGELEVEL","LPAY","PC","A","2004",17.7328357897743,
"DEU","WAGELEVEL","LPAY","PC","A","2005",17.508832797925,
"DEU","WAGELEVEL","LPAY","PC","A","2006",18.3125379810497,
"DEU","WAGELEVEL","LPAY","PC","A","2007",17.8742557616405,
"DEU","WAGELEVEL","LPAY","PC","A","2008",17.2255918815827,
"DEU","WAGELEVEL","LPAY","PC","A","2009",18.7616882134942,
"DEU","WAGELEVEL","LPAY","PC","A","2010",18.9298952525223,
"DEU","WAGELEVEL","LPAY","PC","A","2011",18.8999686933855,
"DEU","WAGELEVEL","LPAY","PC","A","2012",19.0983085333423,
"DEU","WAGELEVEL","LPAY","PC","A","2013",18.7118251268923,
"DEU","WAGELEVEL","LPAY","PC","A","2014",17.9421249202286,
"DEU","WAGELEVEL","LPAY","PC","A","2015",19.3595282284432,
"DEU","WAGELEVEL","LPAY","PC","A","2016",18.8502036842713,
"DEU","WAGELEVEL","LPAY","PC","A","2017",17.7873583642708,
"DEU","WAGELEVEL","LPAY","PC","A","2018",17.8014954038626,
"DEU","WAGELEVEL","LPAY","PC","A","2019",17.6390853762768,
"DEU","WAGELEVEL","HPAY","PC","A","1992",17.1416224941554,
"DEU","WAGELEVEL","HPAY","PC","A","1993",17.3281827474068,
"DEU","WAGELEVEL","HPAY","PC","A","1994",15.4462635463331,
"DEU","WAGELEVEL","HPAY","PC","A","1995",16.4001440684878,
"DEU","WAGELEVEL","HPAY","PC","A","1996",16.2335544968083,
"DEU","WAGELEVEL","HPAY","PC","A","1997",15.737047395283,
"DEU","WAGELEVEL","HPAY","PC","A","1998",16.9448646175021,
"DEU","WAGELEVEL","HPAY","PC","A","1999",17.3335398658269,
"DEU","WAGELEVEL","HPAY","PC","A","2000",16.0907439243803,
"DEU","WAGELEVEL","HPAY","PC","A","2001",16.0508476826498,
"DEU","WAGELEVEL","HPAY","PC","A","2002",15.6872375940451,
"DEU","WAGELEVEL","HPAY","PC","A","2003",15.8630008459137,
"DEU","WAGELEVEL","HPAY","PC","A","2004",16.244698393253,
"DEU","WAGELEVEL","HPAY","PC","A","2005",16.0855450815487,
"DEU","WAGELEVEL","HPAY","PC","A","2006",18.0546056575102,
"DEU","WAGELEVEL","HPAY","PC","A","2007",16.5606972801352,
"DEU","WAGELEVEL","HPAY","PC","A","2008",17.2587241613855,
"DEU","WAGELEVEL","HPAY","PC","A","2009",17.0797106046672,
"DEU","WAGELEVEL","HPAY","PC","A","2010",17.2677560951901,
"DEU","WAGELEVEL","HPAY","PC","A","2011",18.8729337161737,
"DEU","WAGELEVEL","HPAY","PC","A","2012",17.8909402512519,
"DEU","WAGELEVEL","HPAY","PC","A","2013",18.8427213842691,
"DEU","WAGELEVEL","HPAY","PC","A","2014",18.6499326745826,
"DEU","WAGELEVEL","HPAY","PC","A","2015",19.8284834756985,
"DEU","WAGELEVEL","HPAY","PC","A","2016",18.048270230724,
"DEU","WAGELEVEL","HPAY","PC","A","2017",18.2947149609167,
"DEU","WAGELEVEL","HPAY","PC","A","2018",18.7761989355048,
"DEU","WAGELEVEL","HPAY","PC","A","2019",18.6712043765644,
"GRC","WAGELEVEL","LPAY","PC","A","2002",12.3333333333333,
"GRC","WAGELEVEL","LPAY","PC","A","2006",15.7777777777777,
"GRC","WAGELEVEL","LPAY","PC","A","2010",12.547619047619,
"GRC","WAGELEVEL","LPAY","PC","A","2014",15.9607843137254,
"GRC","WAGELEVEL","LPAY","PC","A","2018",16.4285714285714,
"GRC","WAGELEVEL","HPAY","PC","A","2002",26.999120750293,
"GRC","WAGELEVEL","HPAY","PC","A","2006",20.9997012547301,
"GRC","WAGELEVEL","HPAY","PC","A","2010",18.9989990335496,
"GRC","WAGELEVEL","HPAY","PC","A","2014",20.9997567353889,
"GRC","WAGELEVEL","HPAY","PC","A","2018",25.9999731364362,
"HUN","WAGELEVEL","LPAY","PC","A","1986",13.1102017440757,
"HUN","WAGELEVEL","LPAY","PC","A","1989",16.3530822020245,
"HUN","WAGELEVEL","LPAY","PC","A","1992",19.4,
"HUN","WAGELEVEL","LPAY","PC","A","1993",19.22,
"HUN","WAGELEVEL","LPAY","PC","A","1994",20.78,
"HUN","WAGELEVEL","LPAY","PC","A","1995",19.94,
"HUN","WAGELEVEL","LPAY","PC","A","1996",21.0055823613112,
"HUN","WAGELEVEL","LPAY","PC","A","1997",21.8678805124363,
"HUN","WAGELEVEL","LPAY","PC","A","1998",21.9976953312571,
"HUN","WAGELEVEL","LPAY","PC","A","1999",22.6714076786994,
"HUN","WAGELEVEL","LPAY","PC","A","2000",23.41,
"HUN","WAGELEVEL","LPAY","PC","A","2001",21.74,
"HUN","WAGELEVEL","LPAY","PC","A","2002",21.67,
"HUN","WAGELEVEL","LPAY","PC","A","2003",22.69,
"HUN","WAGELEVEL","LPAY","PC","A","2004",22.95,
"HUN","WAGELEVEL","LPAY","PC","A","2005",23.09,
"HUN","WAGELEVEL","LPAY","PC","A","2006",23.11,
"HUN","WAGELEVEL","LPAY","PC","A","2007",21.16,
"HUN","WAGELEVEL","LPAY","PC","A","2008",20.79,
"HUN","WAGELEVEL","LPAY","PC","A","2009",21.79,
"HUN","WAGELEVEL","LPAY","PC","A","2010",21,
"HUN","WAGELEVEL","LPAY","PC","A","2011",19.99,
"HUN","WAGELEVEL","LPAY","PC","A","2012",17.39,
"HUN","WAGELEVEL","LPAY","PC","A","2013",16.81,
"HUN","WAGELEVEL","LPAY","PC","A","2014",18.65,
"HUN","WAGELEVEL","LPAY","PC","A","2015",19.78,
"HUN","WAGELEVEL","LPAY","PC","A","2016",19.55,
"HUN","WAGELEVEL","LPAY","PC","A","2017",15.72,
"HUN","WAGELEVEL","LPAY","PC","A","2018",15.97,
"HUN","WAGELEVEL","LPAY","PC","A","2019",20.2640643336244,
"ISL","WAGELEVEL","LPAY","PC","A","2002",7.38572775856649,
"ISL","WAGELEVEL","LPAY","PC","A","2006",7.33333333333333,
"ISL","WAGELEVEL","LPAY","PC","A","2010",6.45098039215686,
"ISL","WAGELEVEL","LPAY","PC","A","2014",8.22549019607843,
"ISL","WAGELEVEL","LPAY","PC","A","2018",7.5986394557823,
"ISL","WAGELEVEL","HPAY","PC","A","2002",24.9986753386284,
"ISL","WAGELEVEL","HPAY","PC","A","2006",26.9998944001931,
"ISL","WAGELEVEL","HPAY","PC","A","2010",21.999874520489,
"ISL","WAGELEVEL","HPAY","PC","A","2014",20.9981533617897,
"ISL","WAGELEVEL","HPAY","PC","A","2018",20.9986535631992,
"IRL","WAGELEVEL","LPAY","PC","A","2002",16.4615384615384,
"IRL","WAGELEVEL","LPAY","PC","A","2006",18.094017094017,
"IRL","WAGELEVEL","LPAY","PC","A","2010",17.7154471544715,
"IRL","WAGELEVEL","LPAY","PC","A","2014",17.020202020202,
"IRL","WAGELEVEL","LPAY","PC","A","2018",14.9027777777777,
"ITA","WAGELEVEL","LPAY","PC","A","2002",5.66666666666666,
"ITA","WAGELEVEL","LPAY","PC","A","2006",8.18055555555555,
"ITA","WAGELEVEL","LPAY","PC","A","2010",8.14492753623188,
"ITA","WAGELEVEL","LPAY","PC","A","2014",4.64957264957264,
"ITA","WAGELEVEL","LPAY","PC","A","2018",3.71171171171171,
"ITA","WAGELEVEL","HPAY","PC","A","2002",17.9992955365193,
"ITA","WAGELEVEL","HPAY","PC","A","2006",18.9989629117487,
"ITA","WAGELEVEL","HPAY","PC","A","2010",17.9996978330311,
"ITA","WAGELEVEL","HPAY","PC","A","2014",18.9999474236601,
"ITA","WAGELEVEL","HPAY","PC","A","2018",18.9999283851775,
"JPN","WAGELEVEL","LPAY","PC","A","1975",18.8192247838909,
"JPN","WAGELEVEL","LPAY","PC","A","1976",15.9624754563304,
"JPN","WAGELEVEL","LPAY","PC","A","1977",16.9024058567566,
"JPN","WAGELEVEL","LPAY","PC","A","1978",17.0346741443463,
"JPN","WAGELEVEL","LPAY","PC","A","1979",17.9264946050996,
"JPN","WAGELEVEL","LPAY","PC","A","1980",18.302549865202,
"JPN","WAGELEVEL","LPAY","PC","A","1981",18.576962161813,
"JPN","WAGELEVEL","LPAY","PC","A","1982",18.7885229691645,
"JPN","WAGELEVEL","LPAY","PC","A","1983",18.5414930487043,
"JPN","WAGELEVEL","LPAY","PC","A","1984",18.6501775205197,
"JPN","WAGELEVEL","LPAY","PC","A","1985",18.8272583776495,
"JPN","WAGELEVEL","LPAY","PC","A","1986",18.6465754003174,
"JPN","WAGELEVEL","LPAY","PC","A","1987",18.4432103271592,
"JPN","WAGELEVEL","LPAY","PC","A","1988",18.2257139535951,
"JPN","WAGELEVEL","LPAY","PC","A","1989",18.031300324305,
"JPN","WAGELEVEL","LPAY","PC","A","1990",17.6231595670283,
"JPN","WAGELEVEL","LPAY","PC","A","1991",17.0774825281095,
"JPN","WAGELEVEL","LPAY","PC","A","1992",16.0731185124711,
"JPN","WAGELEVEL","LPAY","PC","A","1993",15.8838443220808,
"JPN","WAGELEVEL","LPAY","PC","A","1994",15.5398181000515,
"JPN","WAGELEVEL","LPAY","PC","A","1995",15.3561965983311,
"JPN","WAGELEVEL","LPAY","PC","A","1996",15.3240651933218,
"JPN","WAGELEVEL","LPAY","PC","A","1997",15.1552341401151,
"JPN","WAGELEVEL","LPAY","PC","A","1998",14.7390748439868,
"JPN","WAGELEVEL","LPAY","PC","A","1999",14.5809688060692,
"JPN","WAGELEVEL","LPAY","PC","A","2000",14.5672018123413,
"JPN","WAGELEVEL","LPAY","PC","A","2001",14.5607890780324,
"JPN","WAGELEVEL","LPAY","PC","A","2002",14.4346853436161,
"JPN","WAGELEVEL","LPAY","PC","A","2003",14.4352889766612,
"JPN","WAGELEVEL","LPAY","PC","A","2004",14.2989622941202,
"JPN","WAGELEVEL","LPAY","PC","A","2005",16.0979625437333,
"JPN","WAGELEVEL","LPAY","PC","A","2006",16.0676552380493,
"JPN","WAGELEVEL","LPAY","PC","A","2007",15.4230477885897,
"JPN","WAGELEVEL","LPAY","PC","A","2008",15.0202243462162,
"JPN","WAGELEVEL","LPAY","PC","A","2009",14.6503614991195,
"JPN","WAGELEVEL","LPAY","PC","A","2010",14.4807769062202,
"JPN","WAGELEVEL","LPAY","PC","A","2011",14.4031779286605,
"JPN","WAGELEVEL","LPAY","PC","A","2012",14.2938225649812,
"JPN","WAGELEVEL","LPAY","PC","A","2013",14.2275596448058,
"JPN","WAGELEVEL","LPAY","PC","A","2014",13.9081733880832,
"JPN","WAGELEVEL","LPAY","PC","A","2015",13.4636703959383,
"JPN","WAGELEVEL","LPAY","PC","A","2016",12.6548018146652,
"JPN","WAGELEVEL","LPAY","PC","A","2017",12.3226056884127,
"JPN","WAGELEVEL","LPAY","PC","A","2018",12.1153969378755,
"JPN","WAGELEVEL","LPAY","PC","A","2019",11.7871279540516,
"JPN","WAGELEVEL","LPAY","PC","A","2020",10.88446642216,
"KOR","WAGELEVEL","LPAY","PC","A","1985",24.8793693989415,
"KOR","WAGELEVEL","LPAY","PC","A","1992",22.3525584443615,
"KOR","WAGELEVEL","LPAY","PC","A","1993",23.1300387380784,
"KOR","WAGELEVEL","LPAY","PC","A","1994",22.5469285177907,
"KOR","WAGELEVEL","LPAY","PC","A","1995",22.2553734076469,
"KOR","WAGELEVEL","LPAY","PC","A","1996",22.6379697729594,
"KOR","WAGELEVEL","LPAY","PC","A","1997",22.8774224205735,
"KOR","WAGELEVEL","LPAY","PC","A","1998",23.1369988006526,
"KOR","WAGELEVEL","LPAY","PC","A","1999",23.40730740438,
"KOR","WAGELEVEL","LPAY","PC","A","2000",24.5837366993823,
"KOR","WAGELEVEL","LPAY","PC","A","2001",24.2372232423956,
"KOR","WAGELEVEL","LPAY","PC","A","2002",24.4750127375079,
"KOR","WAGELEVEL","LPAY","PC","A","2003",24.2668327390644,
"KOR","WAGELEVEL","LPAY","PC","A","2004",24.201840986593,
"KOR","WAGELEVEL","LPAY","PC","A","2005",25.3705285650176,
"KOR","WAGELEVEL","LPAY","PC","A","2006",24.9358321890514,
"KOR","WAGELEVEL","LPAY","PC","A","2007",26.0421317325134,
"KOR","WAGELEVEL","LPAY","PC","A","2008",25.4708365561137,
"KOR","WAGELEVEL","LPAY","PC","A","2009",24.9913555727741,
"KOR","WAGELEVEL","LPAY","PC","A","2010",24.7094797778286,
"KOR","WAGELEVEL","LPAY","PC","A","2011",23.798238210863,
"KOR","WAGELEVEL","LPAY","PC","A","2012",23.9096329078154,
"KOR","WAGELEVEL","LPAY","PC","A","2013",24.6560474314148,
"KOR","WAGELEVEL","LPAY","PC","A","2014",23.7,
"KOR","WAGELEVEL","LPAY","PC","A","2015",23.5,
"KOR","WAGELEVEL","LPAY","PC","A","2016",23.5,
"KOR","WAGELEVEL","LPAY","PC","A","2017",22.3,
"KOR","WAGELEVEL","LPAY","PC","A","2018",19.0435686183441,
"KOR","WAGELEVEL","LPAY","PC","A","2019",16.9620432415201,
"KOR","WAGELEVEL","LPAY","PC","A","2020",15.96146924446,
"LUX","WAGELEVEL","LPAY","PC","A","2002",11.7555555555555,
"LUX","WAGELEVEL","LPAY","PC","A","2006",14.4861111111111,
"LUX","WAGELEVEL","LPAY","PC","A","2010",14.679012345679,
"LUX","WAGELEVEL","LPAY","PC","A","2014",10.5714285714285,
"LUX","WAGELEVEL","LPAY","PC","A","2018",11.0833333333333,
"LUX","WAGELEVEL","HPAY","PC","A","2002",21.9980255095093,
"LUX","WAGELEVEL","HPAY","PC","A","2006",21.9998958929779,
"LUX","WAGELEVEL","HPAY","PC","A","2010",22.998773621718,
"LUX","WAGELEVEL","HPAY","PC","A","2014",24.9978116420642,
"LUX","WAGELEVEL","HPAY","PC","A","2018",23.9998659531248,
"NLD","WAGELEVEL","LPAY","PC","A","2002",9.54700854700854,
"NLD","WAGELEVEL","LPAY","PC","A","2006",9.30392156862744,
"NLD","WAGELEVEL","LPAY","PC","A","2010",7.84722222222222,
"NLD","WAGELEVEL","LPAY","PC","A","2014",6.88372093023255,
"NLD","WAGELEVEL","LPAY","PC","A","2018",6.36781609195402,
"NLD","WAGELEVEL","HPAY","PC","A","2002",21.9995270583026,
"NLD","WAGELEVEL","HPAY","PC","A","2006",22.9999621730548,
"NLD","WAGELEVEL","HPAY","PC","A","2010",24.9996839665706,
"NLD","WAGELEVEL","HPAY","PC","A","2014",27.9999045735966,
"NLD","WAGELEVEL","HPAY","PC","A","2018",28.9994986606007,
"NZL","WAGELEVEL","LPAY","PC","A","1997",13.2702444096613,
"NZL","WAGELEVEL","LPAY","PC","A","1998",13.1205562127805,
"NZL","WAGELEVEL","LPAY","PC","A","1999",12.2840470115988,
"NZL","WAGELEVEL","LPAY","PC","A","2000",11.7385590214536,
"NZL","WAGELEVEL","LPAY","PC","A","2001",12.2291286288944,
"NZL","WAGELEVEL","LPAY","PC","A","2002",13.6298254816871,
"NZL","WAGELEVEL","LPAY","PC","A","2003",13.2223600967587,
"NZL","WAGELEVEL","LPAY","PC","A","2004",13.1620069893098,
"NZL","WAGELEVEL","LPAY","PC","A","2005",12.4392987187495,
"NZL","WAGELEVEL","LPAY","PC","A","2006",14.6122360539735,
"NZL","WAGELEVEL","LPAY","PC","A","2007",13.4409200805122,
"NZL","WAGELEVEL","LPAY","PC","A","2008",12.5341807689995,
"NZL","WAGELEVEL","LPAY","PC","A","2009",12.8732435888459,
"NZL","WAGELEVEL","LPAY","PC","A","2010",12.7218537345488,
"NZL","WAGELEVEL","LPAY","PC","A","2011",13.6934746186501,
"NZL","WAGELEVEL","LPAY","PC","A","2012",13.5553003380428,
"NZL","WAGELEVEL","LPAY","PC","A","2013",14.0803059059014,
"NZL","WAGELEVEL","LPAY","PC","A","2014",13.8646701704426,
"NZL","WAGELEVEL","LPAY","PC","A","2015",13.8906294545685,
"NZL","WAGELEVEL","LPAY","PC","A","2016",11.1882100369871,
"NZL","WAGELEVEL","LPAY","PC","A","2017",12.0915964829274,
"NZL","WAGELEVEL","LPAY","PC","A","2018",8.50455856757083,
"NZL","WAGELEVEL","LPAY","PC","A","2019",6.92201577185207,
"NZL","WAGELEVEL","LPAY","PC","A","2020",8.25511157351285,
"POL","WAGELEVEL","LPAY","PC","A","1985",12.9150900840566,
"POL","WAGELEVEL","LPAY","PC","A","1988",13.3864437367594,
"POL","WAGELEVEL","LPAY","PC","A","1989",11.5010291259482,
"POL","WAGELEVEL","LPAY","PC","A","1990",15.17758761703,
"POL","WAGELEVEL","LPAY","PC","A","1991",13.5749851978405,
"POL","WAGELEVEL","LPAY","PC","A","1992",13.4807144672999,
"POL","WAGELEVEL","LPAY","PC","A","1993",14.9890461559489,
"POL","WAGELEVEL","LPAY","PC","A","1994",16.6082568319704,
"POL","WAGELEVEL","LPAY","PC","A","1995",16.3780508427454,
"POL","WAGELEVEL","LPAY","PC","A","1996",17.3458144194629,
"POL","WAGELEVEL","LPAY","PC","A","1997",17.534355880544,
"POL","WAGELEVEL","LPAY","PC","A","1998",17.7228973416251,
"POL","WAGELEVEL","LPAY","PC","A","1999",17.534355880544,
"POL","WAGELEVEL","LPAY","PC","A","2001",19.3696857550439,
"POL","WAGELEVEL","LPAY","PC","A","2002",20.80018113449,
"POL","WAGELEVEL","LPAY","PC","A","2004",22.2,
"POL","WAGELEVEL","LPAY","PC","A","2006",23.4513459579397,
"POL","WAGELEVEL","LPAY","PC","A","2008",22.9647146679943,
"POL","WAGELEVEL","LPAY","PC","A","2010",22.6906750478957,
"POL","WAGELEVEL","LPAY","PC","A","2012",22.4039105729386,
"POL","WAGELEVEL","LPAY","PC","A","2014",22.6,
"POL","WAGELEVEL","LPAY","PC","A","2015",25.132958124645,
"POL","WAGELEVEL","LPAY","PC","A","2016",21.6711741344444,
"POL","WAGELEVEL","LPAY","PC","A","2018",21.1092911740968,
"POL","WAGELEVEL","LPAY","PC","A","2020",18.8,
"PRT","WAGELEVEL","LPAY","PC","A","2002",17.3333333333333,
"PRT","WAGELEVEL","LPAY","PC","A","2006",20.7142857142857,
"PRT","WAGELEVEL","LPAY","PC","A","2010",15.8888888888888,
"PRT","WAGELEVEL","LPAY","PC","A","2014",11.5714285714285,
"PRT","WAGELEVEL","LPAY","PC","A","2018",4.16,
"PRT","WAGELEVEL","HPAY","PC","A","2002",25.999958305537,
"PRT","WAGELEVEL","HPAY","PC","A","2006",28.9997943074589,
"PRT","WAGELEVEL","HPAY","PC","A","2010",31.999908362687,
"PRT","WAGELEVEL","HPAY","PC","A","2014",30.9996140257118,
"PRT","WAGELEVEL","HPAY","PC","A","2018",27.9999723069796,
"SVK","WAGELEVEL","LPAY","PC","A","2002",17.0051015304591,
"SVK","WAGELEVEL","LPAY","PC","A","2003",18,
"SVK","WAGELEVEL","LPAY","PC","A","2004",18.001800180018,
"SVK","WAGELEVEL","LPAY","PC","A","2005",18,
"SVK","WAGELEVEL","LPAY","PC","A","2006",17.996400719856,
"SVK","WAGELEVEL","LPAY","PC","A","2007",18,
"SVK","WAGELEVEL","LPAY","PC","A","2008",19.001900190019,
"SVK","WAGELEVEL","LPAY","PC","A","2009",19.99600079984,
"SVK","WAGELEVEL","LPAY","PC","A","2010",20.00200020002,
"SVK","WAGELEVEL","LPAY","PC","A","2011",20.0000000000006,
"SVK","WAGELEVEL","LPAY","PC","A","2012",18.998100189981,
"SVK","WAGELEVEL","LPAY","PC","A","2013",20,
"SVK","WAGELEVEL","LPAY","PC","A","2014",20,
"SVK","WAGELEVEL","LPAY","PC","A","2015",19,
"SVK","WAGELEVEL","LPAY","PC","A","2016",19,
"SVK","WAGELEVEL","LPAY","PC","A","2017",17.9997613199114,
"SVK","WAGELEVEL","LPAY","PC","A","2018",18,
"SVK","WAGELEVEL","LPAY","PC","A","2019",16,
"SVK","WAGELEVEL","LPAY","PC","A","2020",16,
"ESP","WAGELEVEL","LPAY","PC","A","2002",13.3333333333333,
"ESP","WAGELEVEL","LPAY","PC","A","2006",10.1111111111111,
"ESP","WAGELEVEL","LPAY","PC","A","2010",10.6111111111111,
"ESP","WAGELEVEL","LPAY","PC","A","2014",9.96666666666666,
"ESP","WAGELEVEL","LPAY","PC","A","2018",10.8253968253968,
"ESP","WAGELEVEL","HPAY","PC","A","2002",25.9996782535847,
"ESP","WAGELEVEL","HPAY","PC","A","2006",24.9991892622286,
"ESP","WAGELEVEL","HPAY","PC","A","2010",24.9998798437969,
"ESP","WAGELEVEL","HPAY","PC","A","2014",25.9998758982244,
"ESP","WAGELEVEL","HPAY","PC","A","2018",25.9998738677528,
"CHE","WAGELEVEL","LPAY","PC","A","2008",11.4102964470846,
"CHE","WAGELEVEL","LPAY","PC","A","2010",11.4790959166373,
"CHE","WAGELEVEL","LPAY","PC","A","2012",11.3204821665748,
"CHE","WAGELEVEL","LPAY","PC","A","2014",10.146935405447,
"CHE","WAGELEVEL","LPAY","PC","A","2016",10.2086859332172,
"GBR","WAGELEVEL","LPAY","PC","A","1970",24.0763499668271,
"GBR","WAGELEVEL","LPAY","PC","A","1971",22.8961129976192,
"GBR","WAGELEVEL","LPAY","PC","A","1972",22.9616573569983,
"GBR","WAGELEVEL","LPAY","PC","A","1973",23.7362492131568,
"GBR","WAGELEVEL","LPAY","PC","A","1974",22.0300006413497,
"GBR","WAGELEVEL","LPAY","PC","A","1975",19.6239950523806,
"GBR","WAGELEVEL","LPAY","PC","A","1976",18.6017676893567,
"GBR","WAGELEVEL","LPAY","PC","A","1977",17.4020778845562,
"GBR","WAGELEVEL","LPAY","PC","A","1978",18.4254735946544,
"GBR","WAGELEVEL","LPAY","PC","A","1979",19.0661470077353,
"GBR","WAGELEVEL","LPAY","PC","A","1980",18.8304248883302,
"GBR","WAGELEVEL","LPAY","PC","A","1981",18.8142887612817,
"GBR","WAGELEVEL","LPAY","PC","A","1982",19.0119840097444,
"GBR","WAGELEVEL","LPAY","PC","A","1983",18.9795727526764,
"GBR","WAGELEVEL","LPAY","PC","A","1984",19.8128199679146,
"GBR","WAGELEVEL","LPAY","PC","A","1985",20.1031676004193,
"GBR","WAGELEVEL","LPAY","PC","A","1986",20.4386708986266,
"GBR","WAGELEVEL","LPAY","PC","A","1987",20.8911658048845,
"GBR","WAGELEVEL","LPAY","PC","A","1988",21.224194096862,
"GBR","WAGELEVEL","LPAY","PC","A","1989",21.3555058284506,
"GBR","WAGELEVEL","LPAY","PC","A","1990",21.183207588762,
"GBR","WAGELEVEL","LPAY","PC","A","1991",20.690553427742,
"GBR","WAGELEVEL","LPAY","PC","A","1992",20.9099452681082,
"GBR","WAGELEVEL","LPAY","PC","A","1993",20.817020796415,
"GBR","WAGELEVEL","LPAY","PC","A","1994",20.7282405605569,
"GBR","WAGELEVEL","LPAY","PC","A","1995",21.3039736906367,
"GBR","WAGELEVEL","LPAY","PC","A","1996",21.1045993327832,
"GBR","WAGELEVEL","LPAY","PC","A","1997",20.9838973065267,
"GBR","WAGELEVEL","LPAY","PC","A","1998",21.2822098631915,
"GBR","WAGELEVEL","LPAY","PC","A","1999",20.5775066109814,
"GBR","WAGELEVEL","LPAY","PC","A","2000",20.8471912021485,
"GBR","WAGELEVEL","LPAY","PC","A","2001",21.1187196102232,
"GBR","WAGELEVEL","LPAY","PC","A","2002",20.9352310784224,
"GBR","WAGELEVEL","LPAY","PC","A","2003",20.8157068793424,
"GBR","WAGELEVEL","LPAY","PC","A","2004",20.9662878624502,
"GBR","WAGELEVEL","LPAY","PC","A","2005",20.9756890539752,
"GBR","WAGELEVEL","LPAY","PC","A","2006",20.7472920258531,
"GBR","WAGELEVEL","LPAY","PC","A","2007",20.5469893494648,
"GBR","WAGELEVEL","LPAY","PC","A","2008",21.1977191409735,
"GBR","WAGELEVEL","LPAY","PC","A","2009",20.6149211341147,
"GBR","WAGELEVEL","LPAY","PC","A","2010",20.6698710225139,
"GBR","WAGELEVEL","LPAY","PC","A","2011",20.560211227184,
"GBR","WAGELEVEL","LPAY","PC","A","2012",20.4503464203233,
"GBR","WAGELEVEL","LPAY","PC","A","2013",20.5163275773637,
"GBR","WAGELEVEL","LPAY","PC","A","2014",20.403825717322,
"GBR","WAGELEVEL","LPAY","PC","A","2015",19.9806846228136,
"GBR","WAGELEVEL","LPAY","PC","A","2016",19.2784060312332,
"GBR","WAGELEVEL","LPAY","PC","A","2017",18.9763654629091,
"GBR","WAGELEVEL","LPAY","PC","A","2018",18.961052687206,
"GBR","WAGELEVEL","LPAY","PC","A","2019",18.0987202925046,
"USA","WAGELEVEL","LPAY","PC","A","1973",21.6567930489731,
"USA","WAGELEVEL","LPAY","PC","A","1974",21.022512766507,
"USA","WAGELEVEL","LPAY","PC","A","1975",22.6274913817015,
"USA","WAGELEVEL","LPAY","PC","A","1976",22.8161187534002,
"USA","WAGELEVEL","LPAY","PC","A","1977",23.0144906051959,
"USA","WAGELEVEL","LPAY","PC","A","1978",23.2059507205951,
"USA","WAGELEVEL","LPAY","PC","A","1979",21.914872619098,
"USA","WAGELEVEL","LPAY","PC","A","1980",21.9796132769244,
"USA","WAGELEVEL","LPAY","PC","A","1981",22.0755393698615,
"USA","WAGELEVEL","LPAY","PC","A","1982",22.5036856430029,
"USA","WAGELEVEL","LPAY","PC","A","1983",20.404367735118,
"USA","WAGELEVEL","LPAY","PC","A","1984",21.5562467461388,
"USA","WAGELEVEL","LPAY","PC","A","1985",23.7338320087268,
"USA","WAGELEVEL","LPAY","PC","A","1986",23.3934990536919,
"USA","WAGELEVEL","LPAY","PC","A","1987",23.6039981196962,
"USA","WAGELEVEL","LPAY","PC","A","1988",24.1199163149557,
"USA","WAGELEVEL","LPAY","PC","A","1989",23.5314292472355,
"USA","WAGELEVEL","LPAY","PC","A","1990",22.9631893187908,
"USA","WAGELEVEL","LPAY","PC","A","1991",22.5563909774436,
"USA","WAGELEVEL","LPAY","PC","A","1992",23.1502388705345,
"USA","WAGELEVEL","LPAY","PC","A","1993",23.9212326757654,
"USA","WAGELEVEL","LPAY","PC","A","1994",25.0597969763902,
"USA","WAGELEVEL","LPAY","PC","A","1995",25.1660450477695,
"USA","WAGELEVEL","LPAY","PC","A","1996",25.1182384126356,
"USA","WAGELEVEL","LPAY","PC","A","1997",24.8733676718887,
"USA","WAGELEVEL","LPAY","PC","A","1998",24.5282229381983,
"USA","WAGELEVEL","LPAY","PC","A","1999",24.4525024071456,
"USA","WAGELEVEL","LPAY","PC","A","2000",24.7018604697118,
"USA","WAGELEVEL","LPAY","PC","A","2001",23.7717735550277,
"USA","WAGELEVEL","LPAY","PC","A","2002",23.4952038369305,
"USA","WAGELEVEL","LPAY","PC","A","2003",23.2684964557391,
"USA","WAGELEVEL","LPAY","PC","A","2004",23.8515796336909,
"USA","WAGELEVEL","LPAY","PC","A","2005",23.9643884822618,
"USA","WAGELEVEL","LPAY","PC","A","2006",24.2220044106837,
"USA","WAGELEVEL","LPAY","PC","A","2007",24.5351220421092,
"USA","WAGELEVEL","LPAY","PC","A","2008",24.5135821917166,
"USA","WAGELEVEL","LPAY","PC","A","2009",24.8424806418976,
"USA","WAGELEVEL","LPAY","PC","A","2010",25.2911211807614,
"USA","WAGELEVEL","LPAY","PC","A","2011",25.1478229707938,
"USA","WAGELEVEL","LPAY","PC","A","2012",25.2910032312064,
"USA","WAGELEVEL","LPAY","PC","A","2013",25.0462772028428,
"USA","WAGELEVEL","LPAY","PC","A","2014",24.9274818117813,
"USA","WAGELEVEL","LPAY","PC","A","2015",25.0208560610922,
"USA","WAGELEVEL","LPAY","PC","A","2016",24.9077324691691,
"USA","WAGELEVEL","LPAY","PC","A","2017",24.503182632801,
"USA","WAGELEVEL","LPAY","PC","A","2018",24.065,
"USA","WAGELEVEL","LPAY","PC","A","2019",23.3798816165465,
"USA","WAGELEVEL","LPAY","PC","A","2020",23.81,
"CHL","WAGELEVEL","LPAY","PC","A","1998",25.4687965048121,
"CHL","WAGELEVEL","LPAY","PC","A","2000",18.5323141991954,
"CHL","WAGELEVEL","LPAY","PC","A","2003",14.3915803624641,
"CHL","WAGELEVEL","LPAY","PC","A","2006",13.0152568473774,
"CHL","WAGELEVEL","LPAY","PC","A","2009",9.6937591498398,
"CHL","WAGELEVEL","LPAY","PC","A","2011",9.37798756260784,
"CHL","WAGELEVEL","LPAY","PC","A","2013",11.4814607503536,
"CHL","WAGELEVEL","LPAY","PC","A","2015",12.0963548413267,
"CHL","WAGELEVEL","LPAY","PC","A","2017",10.5680614627341,
"CHL","WAGELEVEL","LPAY","PC","A","2020",11.8127939266789,
"CHL","WAGELEVEL","HPAY","PC","A","1998",30.5652269231835,
"CHL","WAGELEVEL","HPAY","PC","A","2000",29.7594805249616,
"CHL","WAGELEVEL","HPAY","PC","A","2003",30.8030491900184,
"CHL","WAGELEVEL","HPAY","PC","A","2006",27.5254731787477,
"CHL","WAGELEVEL","HPAY","PC","A","2009",28.692188677591,
"CHL","WAGELEVEL","HPAY","PC","A","2011",27.5656892066204,
"CHL","WAGELEVEL","HPAY","PC","A","2013",26.1728607688681,
"CHL","WAGELEVEL","HPAY","PC","A","2015",24.9102391468998,
"CHL","WAGELEVEL","HPAY","PC","A","2017",27.8132400336548,
"CHL","WAGELEVEL","HPAY","PC","A","2020",32.5276936419813,
"ISR","WAGELEVEL","LPAY","PC","A","2001",25.3091393347377,
"ISR","WAGELEVEL","LPAY","PC","A","2002",23.8951810096726,
"ISR","WAGELEVEL","LPAY","PC","A","2003",23.2518845415458,
"ISR","WAGELEVEL","LPAY","PC","A","2004",23.1963942374511,
"ISR","WAGELEVEL","LPAY","PC","A","2005",22.9816973824408,
"ISR","WAGELEVEL","LPAY","PC","A","2006",22.4990480524466,
"ISR","WAGELEVEL","LPAY","PC","A","2007",22.2699906821873,
"ISR","WAGELEVEL","LPAY","PC","A","2008",21.3607022274044,
"ISR","WAGELEVEL","LPAY","PC","A","2009",22.1522902551404,
"ISR","WAGELEVEL","LPAY","PC","A","2010",21.4333684213483,
"ISR","WAGELEVEL","LPAY","PC","A","2011",22.4543809087486,
"ISR","WAGELEVEL","LPAY","PC","A","2012",21.829596847118,
"ISR","WAGELEVEL","LPAY","PC","A","2013",22.2145522465155,
"ISR","WAGELEVEL","LPAY","PC","A","2014",23.4650125573918,
"ISR","WAGELEVEL","LPAY","PC","A","2015",23.7928164870966,
"ISR","WAGELEVEL","LPAY","PC","A","2016",23.1372446766082,
"ISR","WAGELEVEL","LPAY","PC","A","2017",22.6269826055933,
"ISR","WAGELEVEL","LPAY","PC","A","2018",22.4082574248894,
"ISR","WAGELEVEL","HPAY","PC","A","2001",28.8304806319943,
"ISR","WAGELEVEL","HPAY","PC","A","2002",28.4404270345023,
"ISR","WAGELEVEL","HPAY","PC","A","2003",28.2422778265056,
"ISR","WAGELEVEL","HPAY","PC","A","2004",27.9267101911525,
"ISR","WAGELEVEL","HPAY","PC","A","2005",27.9294444184166,
"ISR","WAGELEVEL","HPAY","PC","A","2006",28.4971218077208,
"ISR","WAGELEVEL","HPAY","PC","A","2007",28.6886276671063,
"ISR","WAGELEVEL","HPAY","PC","A","2008",28.1377631624332,
"ISR","WAGELEVEL","HPAY","PC","A","2009",28.1650193339671,
"ISR","WAGELEVEL","HPAY","PC","A","2010",28.5174898305418,
"ISR","WAGELEVEL","HPAY","PC","A","2011",27.4849707395893,
"ISR","WAGELEVEL","HPAY","PC","A","2012",29.0747310082163,
"ISR","WAGELEVEL","HPAY","PC","A","2013",28.6729174328608,
"ISR","WAGELEVEL","HPAY","PC","A","2014",28.6810076370442,
"ISR","WAGELEVEL","HPAY","PC","A","2015",29.1934272571436,
"ISR","WAGELEVEL","HPAY","PC","A","2016",29.1772991440758,
"ISR","WAGELEVEL","HPAY","PC","A","2017",28.5636805449234,
"ISR","WAGELEVEL","HPAY","PC","A","2018",27.8142442939095,
"MEX","WAGELEVEL","HPAY","PC","A","2005",20.0663319126229,
"MEX","WAGELEVEL","HPAY","PC","A","2006",23.0630370588403,
"MEX","WAGELEVEL","HPAY","PC","A","2007",18.9875788374064,
"MEX","WAGELEVEL","HPAY","PC","A","2008",21.1246733403898,
"MEX","WAGELEVEL","HPAY","PC","A","2009",22.0582499438485,
"MEX","WAGELEVEL","HPAY","PC","A","2010",21.6840210905773,
"MEX","WAGELEVEL","HPAY","PC","A","2011",19.260255097024,
"MEX","WAGELEVEL","HPAY","PC","A","2012",20.6880608442409,
"MEX","WAGELEVEL","HPAY","PC","A","2013",22.0561131398588,
"MEX","WAGELEVEL","HPAY","PC","A","2014",22.010602673487,
"MEX","WAGELEVEL","HPAY","PC","A","2015",20.8321250856312,
"MEX","WAGELEVEL","HPAY","PC","A","2016",19.4557317680396,
"MEX","WAGELEVEL","HPAY","PC","A","2017",21.0684626597538,
"MEX","WAGELEVEL","HPAY","PC","A","2018",20.6513688469388,
"MEX","WAGELEVEL","HPAY","PC","A","2019",17.6158282378656,
"MEX","WAGELEVEL","HPAY","PC","A","2020",19.2680028429664,
"LVA","WAGELEVEL","HPAY","PC","A","2002",34.999981408212,
"LVA","WAGELEVEL","HPAY","PC","A","2006",28.999959853868,
"LVA","WAGELEVEL","HPAY","PC","A","2010",32,
"LVA","WAGELEVEL","HPAY","PC","A","2014",28.9998340157131,
"LVA","WAGELEVEL","HPAY","PC","A","2018",24.9995262659227,
"LTU","WAGELEVEL","HPAY","PC","A","2002",28.9996322294826,
"LTU","WAGELEVEL","HPAY","PC","A","2006",28.9994094488188,
"LTU","WAGELEVEL","HPAY","PC","A","2010",28.9991945786813,
"LTU","WAGELEVEL","HPAY","PC","A","2014",25,
"LTU","WAGELEVEL","HPAY","PC","A","2018",22.9990396927016,
"MEX","WAGELEVEL","LPAY","PC","A","2005",17.9151520902873,
"MEX","WAGELEVEL","LPAY","PC","A","2006",16.3085483151188,
"MEX","WAGELEVEL","LPAY","PC","A","2007",19.0823277877801,
"MEX","WAGELEVEL","LPAY","PC","A","2008",18.1112944989625,
"MEX","WAGELEVEL","LPAY","PC","A","2009",16.9095232308142,
"MEX","WAGELEVEL","LPAY","PC","A","2010",19.1228583624143,
"MEX","WAGELEVEL","LPAY","PC","A","2011",17.6679961788193,
"MEX","WAGELEVEL","LPAY","PC","A","2012",15.9937431959639,
"MEX","WAGELEVEL","LPAY","PC","A","2013",14.2091327012579,
"MEX","WAGELEVEL","LPAY","PC","A","2014",14.7541661324455,
"MEX","WAGELEVEL","LPAY","PC","A","2015",17.2528672803656,
"MEX","WAGELEVEL","LPAY","PC","A","2016",16.0909448448155,
"MEX","WAGELEVEL","LPAY","PC","A","2017",13.322849165503,
"MEX","WAGELEVEL","LPAY","PC","A","2018",15.6608104442524,
"MEX","WAGELEVEL","LPAY","PC","A","2019",17.0770212212024,
"MEX","WAGELEVEL","LPAY","PC","A","2020",16.9286078885197,
"LVA","WAGELEVEL","LPAY","PC","A","2002",29.1664247701983,
"LVA","WAGELEVEL","LPAY","PC","A","2006",30.047619047619,
"LVA","WAGELEVEL","LPAY","PC","A","2010",22,
"LVA","WAGELEVEL","LPAY","PC","A","2014",21.6666666666666,
"LVA","WAGELEVEL","LPAY","PC","A","2018",21.9333333333333,
"LTU","WAGELEVEL","LPAY","PC","A","2002",25.6666666666666,
"LTU","WAGELEVEL","LPAY","PC","A","2006",25.9047619047619,
"LTU","WAGELEVEL","LPAY","PC","A","2010",23.9333333333333,
"LTU","WAGELEVEL","LPAY","PC","A","2014",19.9583333333333,
"LTU","WAGELEVEL","LPAY","PC","A","2018",21.6333333333333,
"DNK","WAGELEVEL","HPAY","PC","A","2002",2.0916445103726,
"DNK","WAGELEVEL","HPAY","PC","A","2003",2.03382059666498,
"DNK","WAGELEVEL","HPAY","PC","A","2004",2.08722646134448,
"DNK","WAGELEVEL","HPAY","PC","A","2005",2.55248799250719,
"DNK","WAGELEVEL","HPAY","PC","A","2006",2.51768028024696,
"DNK","WAGELEVEL","HPAY","PC","A","2007",2.51716954950131,
"DNK","WAGELEVEL","HPAY","PC","A","2008",2.52737418873399,
"DNK","WAGELEVEL","HPAY","PC","A","2009",2.39190626905802,
"DNK","WAGELEVEL","HPAY","PC","A","2010",2.69364937099821,
"DNK","WAGELEVEL","HPAY","PC","A","2011",2.8066484985545,
"DNK","WAGELEVEL","HPAY","PC","A","2012",2.85454951903688,
"DNK","WAGELEVEL","HPAY","PC","A","2013",2.95881308730844,
"DNK","WAGELEVEL","HPAY","PC","A","2014",2.78426069195321,
"DNK","WAGELEVEL","HPAY","PC","A","2015",2.89003873859181,
"DNK","WAGELEVEL","HPAY","PC","A","2016",2.91643226850058,
"DNK","WAGELEVEL","HPAY","PC","A","2017",2.77045063700346,
"DNK","WAGELEVEL","HPAY","PC","A","2018",2.82891178544695,
"COL","WAGELEVEL","LPAY","PC","A","2007",22.0929808336468,
"COL","WAGELEVEL","LPAY","PC","A","2008",18.1347097484057,
"COL","WAGELEVEL","LPAY","PC","A","2009",18.3418282192312,
"COL","WAGELEVEL","LPAY","PC","A","2010",17.3888879314706,
"COL","WAGELEVEL","LPAY","PC","A","2011",14.9767212738709,
"COL","WAGELEVEL","LPAY","PC","A","2012",16.9780889722504,
"COL","WAGELEVEL","LPAY","PC","A","2013",16.2326470248537,
"COL","WAGELEVEL","LPAY","PC","A","2014",13.9004047432509,
"COL","WAGELEVEL","LPAY","PC","A","2015",13.2081813462324,
"COL","WAGELEVEL","LPAY","PC","A","2016",12.7472856158523,
"COL","WAGELEVEL","LPAY","PC","A","2017",11.7393365414279,
"COL","WAGELEVEL","LPAY","PC","A","2018",10.9797104771685,
"COL","WAGELEVEL","LPAY","PC","A","2019",13.7922899619564,
"COL","WAGELEVEL","LPAY","PC","A","2020",15.2839285307328,
"COL","WAGELEVEL","HPAY","PC","A","2007",26.8992367399523,
"COL","WAGELEVEL","HPAY","PC","A","2008",27.5998928613403,
"COL","WAGELEVEL","HPAY","PC","A","2009",25.9034406726561,
"COL","WAGELEVEL","HPAY","PC","A","2010",26.3267928261031,
"COL","WAGELEVEL","HPAY","PC","A","2011",26.5158640260033,
"COL","WAGELEVEL","HPAY","PC","A","2012",26.3651665446083,
"COL","WAGELEVEL","HPAY","PC","A","2013",25.8429186941149,
"COL","WAGELEVEL","HPAY","PC","A","2014",26.0732712060508,
"COL","WAGELEVEL","HPAY","PC","A","2015",25.2718735085268,
"COL","WAGELEVEL","HPAY","PC","A","2016",24.1599412432558,
"COL","WAGELEVEL","HPAY","PC","A","2017",24.1673533915938,
"COL","WAGELEVEL","HPAY","PC","A","2018",23.7287715359005,
"COL","WAGELEVEL","HPAY","PC","A","2019",24.2320729189913,
"COL","WAGELEVEL","HPAY","PC","A","2020",23.2484662583038,
"CRI","WAGELEVEL","LPAY","PC","A","2010",18.1224296288033,
"CRI","WAGELEVEL","LPAY","PC","A","2011",14.6385959783063,
"CRI","WAGELEVEL","LPAY","PC","A","2012",13.8797678027662,
"CRI","WAGELEVEL","LPAY","PC","A","2013",15.8713012380451,
"CRI","WAGELEVEL","LPAY","PC","A","2014",15.3622341869786,
"CRI","WAGELEVEL","LPAY","PC","A","2015",15.235034526396,
"CRI","WAGELEVEL","LPAY","PC","A","2016",14.6652579710717,
"CRI","WAGELEVEL","LPAY","PC","A","2017",13.9531024041823,
"CRI","WAGELEVEL","LPAY","PC","A","2018",12.916716055384,
"CRI","WAGELEVEL","LPAY","PC","A","2019",11.9629574775041,
"CRI","WAGELEVEL","LPAY","PC","A","2020",13.6071049997487,
"CRI","WAGELEVEL","HPAY","PC","A","2010",27.5751208548339,
"CRI","WAGELEVEL","HPAY","PC","A","2011",28.3640463642805,
"CRI","WAGELEVEL","HPAY","PC","A","2012",26.5980345412436,
"CRI","WAGELEVEL","HPAY","PC","A","2013",27.2104005020179,
"CRI","WAGELEVEL","HPAY","PC","A","2014",27.6504865888089,
"CRI","WAGELEVEL","HPAY","PC","A","2015",27.2734316235315,
"CRI","WAGELEVEL","HPAY","PC","A","2016",26.0941733673992,
"CRI","WAGELEVEL","HPAY","PC","A","2017",24.5478179998442,
"CRI","WAGELEVEL","HPAY","PC","A","2018",24.0944104743193,
"CRI","WAGELEVEL","HPAY","PC","A","2019",26.060248961088,
"CRI","WAGELEVEL","HPAY","PC","A","2020",26.9027216463895,
"FRA","WAGELEVEL","LPAY","PC","A","2002",7.21568627450979,
"FRA","WAGELEVEL","LPAY","PC","A","2006",6.46913580246913,
"FRA","WAGELEVEL","LPAY","PC","A","2010",5.79166666666666,
"FRA","WAGELEVEL","LPAY","PC","A","2014",7.19047619047618,
"FRA","WAGELEVEL","LPAY","PC","A","2018",7.73563218390804,
"FRA","WAGELEVEL","HPAY","PC","A","2002",20.9999420054514,
"FRA","WAGELEVEL","HPAY","PC","A","2006",19.9999824952956,
"FRA","WAGELEVEL","HPAY","PC","A","2010",21.9999380734965,
"FRA","WAGELEVEL","HPAY","PC","A","2014",20.9998946748772,
"FRA","WAGELEVEL","HPAY","PC","A","2018",20.9999743389844,
"TUR","WAGELEVEL","LPAY","PC","A","2006",0.52487562189054,
"TUR","WAGELEVEL","LPAY","PC","A","2010",0.69348659003831,
"TUR","WAGELEVEL","LPAY","PC","A","2014",0.77412280701754,
"TUR","WAGELEVEL","LPAY","PC","A","2018",0.96424452133794,
"TUR","WAGELEVEL","HPAY","PC","A","2006",32.9994222515681,
"TUR","WAGELEVEL","HPAY","PC","A","2010",31.9998634273661,
"TUR","WAGELEVEL","HPAY","PC","A","2014",27.999751992914,
"TUR","WAGELEVEL","HPAY","PC","A","2018",28.9997000643764,
"SVN","WAGELEVEL","LPAY","PC","A","2002",19.8588195841716,
"SVN","WAGELEVEL","LPAY","PC","A","2006",19.9666666666666,
"SVN","WAGELEVEL","LPAY","PC","A","2010",17.7692307692307,
"SVN","WAGELEVEL","LPAY","PC","A","2014",18.7272727272727,
"SVN","WAGELEVEL","LPAY","PC","A","2018",17.0555555555555,
"SVN","WAGELEVEL","HPAY","PC","A","2002",22.9997858746437,
"SVN","WAGELEVEL","HPAY","PC","A","2006",23.9990260713215,
"SVN","WAGELEVEL","HPAY","PC","A","2010",22.9999626837823,
"SVN","WAGELEVEL","HPAY","PC","A","2014",23.9992252197327,
"SVN","WAGELEVEL","HPAY","PC","A","2018",21.9997492425034,
"OECD","WAGELEVEL","LPAY","PC","A","1995",16.3826012950881,
"OECD","WAGELEVEL","LPAY","PC","A","1996",16.43142719146,
"OECD","WAGELEVEL","LPAY","PC","A","1997",16.3474818354768,
"OECD","WAGELEVEL","LPAY","PC","A","1998",16.4050947794671,
"OECD","WAGELEVEL","LPAY","PC","A","1999",16.421128297699,
"OECD","WAGELEVEL","LPAY","PC","A","2000",16.4462684052736,
"OECD","WAGELEVEL","LPAY","PC","A","2001",15.9648295789558,
"OECD","WAGELEVEL","LPAY","PC","A","2002",15.9298785737044,
"OECD","WAGELEVEL","LPAY","PC","A","2003",15.9606855479352,
"OECD","WAGELEVEL","LPAY","PC","A","2004",15.8151867768269,
"OECD","WAGELEVEL","LPAY","PC","A","2005",15.9674271977406,
"OECD","WAGELEVEL","LPAY","PC","A","2006",16.1478259766191,
"OECD","WAGELEVEL","LPAY","PC","A","2007",16.1010570276215,
"OECD","WAGELEVEL","LPAY","PC","A","2008",15.5529825194212,
"OECD","WAGELEVEL","LPAY","PC","A","2009",15.2896175717807,
"OECD","WAGELEVEL","LPAY","PC","A","2010",15.2997705246254,
"OECD","WAGELEVEL","LPAY","PC","A","2011",15.0587053747499,
"OECD","WAGELEVEL","LPAY","PC","A","2012",14.8924679865723,
"OECD","WAGELEVEL","LPAY","PC","A","2013",14.7631876527394,
"OECD","WAGELEVEL","LPAY","PC","A","2014",14.6339977011209,
"OECD","WAGELEVEL","LPAY","PC","A","2015",14.692521076773,
"OECD","WAGELEVEL","LPAY","PC","A","2016",14.2586645251129,
"OECD","WAGELEVEL","LPAY","PC","A","2017",13.964809027779,
"OECD","WAGELEVEL","LPAY","PC","A","2018",13.7580820552694,
"OECD","WAGELEVEL","LPAY","PC","A","2019",14.4832276953352,
"OECD","WAGELEVEL","LPAY","PC","A","2020",13.8062283186093,
"OECD","WAGELEVEL","HPAY","PC","A","1995",22.9455970291921,
"OECD","WAGELEVEL","HPAY","PC","A","1996",22.9376641924454,
"OECD","WAGELEVEL","HPAY","PC","A","1997",22.888922896289,
"OECD","WAGELEVEL","HPAY","PC","A","1998",22.9715361029547,
"OECD","WAGELEVEL","HPAY","PC","A","1999",22.9845999995074,
"OECD","WAGELEVEL","HPAY","PC","A","2000",22.9302090955078,
"OECD","WAGELEVEL","HPAY","PC","A","2001",22.6101755060149,
"OECD","WAGELEVEL","HPAY","PC","A","2002",22.5504459429824,
"OECD","WAGELEVEL","HPAY","PC","A","2003",22.569792306771,
"OECD","WAGELEVEL","HPAY","PC","A","2004",22.4533683750886,
"OECD","WAGELEVEL","HPAY","PC","A","2005",22.4379810806795,
"OECD","WAGELEVEL","HPAY","PC","A","2006",22.6037479287515,
"OECD","WAGELEVEL","HPAY","PC","A","2007",22.5628605781719,
"OECD","WAGELEVEL","HPAY","PC","A","2008",22.6427384197494,
"OECD","WAGELEVEL","HPAY","PC","A","2009",22.67872292501,
"OECD","WAGELEVEL","HPAY","PC","A","2010",22.9413579079126,
"OECD","WAGELEVEL","HPAY","PC","A","2011",22.9100105813595,
"OECD","WAGELEVEL","HPAY","PC","A","2012",22.8205291109333,
"OECD","WAGELEVEL","HPAY","PC","A","2013",22.8990430394602,
"OECD","WAGELEVEL","HPAY","PC","A","2014",22.8351943313576,
"OECD","WAGELEVEL","HPAY","PC","A","2015",22.8137779991823,
"OECD","WAGELEVEL","HPAY","PC","A","2016",22.5876544176337,
"OECD","WAGELEVEL","HPAY","PC","A","2017",22.6302141113934,
"OECD","WAGELEVEL","HPAY","PC","A","2018",22.231478847047,
"OECD","WAGELEVEL","HPAY","PC","A","2019",22.5154717943821,
"OECD","WAGELEVEL","HPAY","PC","A","2020",22.8099163576177,
"BGR","WAGELEVEL","LPAY","PC","A","2002",28.2207792207792,
"BGR","WAGELEVEL","LPAY","PC","A","2006",23.3333333333333,
"BGR","WAGELEVEL","LPAY","PC","A","2010",19.8333333333333,
"BGR","WAGELEVEL","LPAY","PC","A","2014",16.8888888888888,
"BGR","WAGELEVEL","LPAY","PC","A","2018",20.4166666666666,
"BGR","WAGELEVEL","HPAY","PC","A","2002",23.9998636728147,
"BGR","WAGELEVEL","HPAY","PC","A","2006",29,
"BGR","WAGELEVEL","HPAY","PC","A","2010",27.9996062604587,
"BGR","WAGELEVEL","HPAY","PC","A","2014",27.9993277105488,
"BGR","WAGELEVEL","HPAY","PC","A","2018",26.9999267103961,
"HRV","WAGELEVEL","LPAY","PC","A","2010",21.8666666666666,
"HRV","WAGELEVEL","LPAY","PC","A","2014",23.4074074074074,
"HRV","WAGELEVEL","LPAY","PC","A","2018",18.3333333333333,
"HRV","WAGELEVEL","HPAY","PC","A","2010",21.9978905359179,
"HRV","WAGELEVEL","HPAY","PC","A","2014",18.9987857937873,
"HRV","WAGELEVEL","HPAY","PC","A","2018",19.9992151938471,
"CYP","WAGELEVEL","LPAY","PC","A","2002",17.1999999999999,
"CYP","WAGELEVEL","LPAY","PC","A","2006",22.2380952380952,
"CYP","WAGELEVEL","LPAY","PC","A","2010",20.2539682539682,
"CYP","WAGELEVEL","LPAY","PC","A","2014",18.076923076923,
"CYP","WAGELEVEL","LPAY","PC","A","2018",16.5416666666666,
"CYP","WAGELEVEL","HPAY","PC","A","2002",22.9991773804479,
"CYP","WAGELEVEL","HPAY","PC","A","2006",24.9987096404197,
"CYP","WAGELEVEL","HPAY","PC","A","2010",27.9992387332521,
"CYP","WAGELEVEL","HPAY","PC","A","2014",27.9986656568935,
"CYP","WAGELEVEL","HPAY","PC","A","2018",26.9997950413223,
"MLT","WAGELEVEL","LPAY","PC","A","2002",12.2225249772933,
"MLT","WAGELEVEL","LPAY","PC","A","2006",9.93939393939393,
"MLT","WAGELEVEL","LPAY","PC","A","2010",13.6111111111111,
"MLT","WAGELEVEL","LPAY","PC","A","2014",13.6862745098039,
"MLT","WAGELEVEL","LPAY","PC","A","2018",16.2888888888888,
"MLT","WAGELEVEL","HPAY","PC","A","2002",20.9977697379816,
"MLT","WAGELEVEL","HPAY","PC","A","2006",15.9992480496287,
"MLT","WAGELEVEL","HPAY","PC","A","2010",17.9995072273324,
"MLT","WAGELEVEL","HPAY","PC","A","2014",19.9990258686004,
"MLT","WAGELEVEL","HPAY","PC","A","2018",20.9994021305891,
"ROU","WAGELEVEL","LPAY","PC","A","2002",26.5657051282051,
"ROU","WAGELEVEL","LPAY","PC","A","2006",26.9166666666666,
"ROU","WAGELEVEL","LPAY","PC","A","2010",24.9333333333333,
"ROU","WAGELEVEL","LPAY","PC","A","2014",24.0666666666666,
"ROU","WAGELEVEL","LPAY","PC","A","2018",20.7777777777777,
"ROU","WAGELEVEL","HPAY","PC","A","2002",27.9998256252941,
"ROU","WAGELEVEL","HPAY","PC","A","2006",28.9998880597014,
"ROU","WAGELEVEL","HPAY","PC","A","2010",28.9997066942719,
"ROU","WAGELEVEL","HPAY","PC","A","2014",28.9998078124249,
"ROU","WAGELEVEL","HPAY","PC","A","2018",26.9999867805303,
"IRL","WAGELEVEL","HPAY","PC","A","2002",25.999688080787,
"IRL","WAGELEVEL","HPAY","PC","A","2006",25.9989253842919,
"IRL","WAGELEVEL","HPAY","PC","A","2010",23.999726032486,
"IRL","WAGELEVEL","HPAY","PC","A","2014",25.9973775484307,
"IRL","WAGELEVEL","HPAY","PC","A","2018",27.9996289584951,
"JPN","WAGELEVEL","HPAY","PC","A","2018",15.6717290600288,
"JPN","WAGELEVEL","HPAY","PC","A","2019",12.4821246630059,
"JPN","WAGELEVEL","HPAY","PC","A","2020",12.409234932223,
"EU27","WAGELEVEL","LPAY","PC","A","2002",15.4469890530513,
"EU27","WAGELEVEL","LPAY","PC","A","2003",15.7047067574144,
"EU27","WAGELEVEL","LPAY","PC","A","2004",15.4418805758929,
"EU27","WAGELEVEL","LPAY","PC","A","2005",15.6363047581881,
"EU27","WAGELEVEL","LPAY","PC","A","2006",15.9403962614671,
"EU27","WAGELEVEL","LPAY","PC","A","2007",15.5228713470079,
"EU27","WAGELEVEL","LPAY","PC","A","2008",15.1621619899055,
"EU27","WAGELEVEL","LPAY","PC","A","2009",15.0436986772314,
"EU27","WAGELEVEL","LPAY","PC","A","2010",14.810262163052,
"EU27","WAGELEVEL","LPAY","PC","A","2011",14.6459315745815,
"EU27","WAGELEVEL","LPAY","PC","A","2012",14.2951217754607,
"EU27","WAGELEVEL","LPAY","PC","A","2013",14.106192216435,
"EU27","WAGELEVEL","LPAY","PC","A","2014",13.9887038888719,
"EU27","WAGELEVEL","LPAY","PC","A","2015",14.0060519401909,
"EU27","WAGELEVEL","LPAY","PC","A","2016",13.6311486347321,
"EU27","WAGELEVEL","LPAY","PC","A","2017",13.3331771541244,
"EU27","WAGELEVEL","LPAY","PC","A","2018",13.4283594154749,
"EU27","WAGELEVEL","LPAY","PC","A","2019",14.9127039220994,
"EU27","WAGELEVEL","LPAY","PC","A","2020",14.3823570576785,
"EU27","WAGELEVEL","HPAY","PC","A","2002",21.1942697949073,
"EU27","WAGELEVEL","HPAY","PC","A","2003",21.1582151684391,
"EU27","WAGELEVEL","HPAY","PC","A","2004",21.03787820285,
"EU27","WAGELEVEL","HPAY","PC","A","2005",21.0645025971394,
"EU27","WAGELEVEL","HPAY","PC","A","2006",21.0396494625143,
"EU27","WAGELEVEL","HPAY","PC","A","2007",20.9847332652545,
"EU27","WAGELEVEL","HPAY","PC","A","2008",21.0793148694518,
"EU27","WAGELEVEL","HPAY","PC","A","2009",21.2037008935595,
"EU27","WAGELEVEL","HPAY","PC","A","2010",21.4343420181033,
"EU27","WAGELEVEL","HPAY","PC","A","2011",21.6039071039234,
"EU27","WAGELEVEL","HPAY","PC","A","2012",21.5385421094093,
"EU27","WAGELEVEL","HPAY","PC","A","2013",21.6427230238443,
"EU27","WAGELEVEL","HPAY","PC","A","2014",21.6667770245849,
"EU27","WAGELEVEL","HPAY","PC","A","2015",21.7455616931677,
"EU27","WAGELEVEL","HPAY","PC","A","2016",21.5677964532362,
"EU27","WAGELEVEL","HPAY","PC","A","2017",21.5446239554743,
"EU27","WAGELEVEL","HPAY","PC","A","2018",21.391420838703,
"EU27","WAGELEVEL","HPAY","PC","A","2019",21.7159905418226,
"EU27","WAGELEVEL","HPAY","PC","A","2020",21.8268643218384,
